Text Type,API Name,File Name,Dataset,ai_score,human_score,Error_message
AI,Originality,,gpt-3,1.0,0.0,
AI,Originality,,gpt-3,1.0,0.0,
AI,Originality,,gpt-3,1.0,0.0,
AI,Originality,,gpt-3,1.0,0.0,
AI,Originality,,gpt-3,1.0,0.0,
AI,Originality,,gpt-3,1.0,0.0,
AI,Originality,,gpt-3,1.0,0.0,
AI,Originality,,gpt-3,1.0,0.0,
AI,Originality,,gpt-3,1.0,0.0,
AI,Originality,,gpt-3,1.0,0.0,
AI,Originality,,gpt-3,1.0,0.0,
AI,Originality,,gpt-3,0.9998,0.0001999999999999,
AI,Originality,,gpt-3,1.0,0.0,
AI,Originality,,gpt-3,0.9999,9.9999999999989e-05,
AI,Originality,,gpt-3,1.0,0.0,
AI,Originality,,gpt-3,1.0,0.0,
AI,Originality,,gpt-3,1.0,0.0,
AI,Originality,,gpt-3,1.0,0.0,
AI,Originality,,gpt-3,1.0,0.0,
AI,Originality,,gpt-3,1.0,0.0,
AI,Originality,,gpt-3,1.0,0.0,
AI,Originality,,gpt-3,1.0,0.0,
AI,Originality,,gpt-3,1.0,0.0,
AI,Originality,,gpt-3,1.0,0.0,
AI,Originality,,gpt-3,1.0,0.0,
AI,Originality,,gpt-3,1.0,0.0,
AI,Originality,,gpt-3,1.0,0.0,
AI,Originality,,gpt-3,1.0,0.0,
AI,Originality,,gpt-3,1.0,0.0,
AI,Originality,,gpt-3,0.9993,0.0007,
AI,Originality,,gpt-3,1.0,0.0,
AI,Originality,,gpt-3,1.0,0.0,
AI,Originality,,gpt-3,0.9999,9.9999999999989e-05,
AI,Originality,,gpt-3,1.0,0.0,
AI,Originality,,gpt-3,1.0,0.0,
AI,Originality,,gpt-3,1.0,0.0,
AI,Originality,,gpt-3,1.0,0.0,
AI,Originality,,gpt-3,1.0,0.0,
AI,Originality,,gpt-3,1.0,0.0,
AI,Originality,,gpt-3,1.0,0.0,
AI,Originality,,gpt-3,1.0,0.0,
AI,Originality,,gpt-3,1.0,0.0,
AI,Originality,,gpt-3,1.0,0.0,
AI,Originality,,gpt-3,1.0,0.0,
AI,Originality,,gpt-3,1.0,0.0,
AI,Originality,,gpt-3,1.0,0.0,
AI,Originality,,gpt-3,1.0,0.0,
AI,Originality,,gpt-3,0.9999,9.9999999999989e-05,
AI,Originality,,gpt-3,1.0,0.0,
AI,Originality,,gpt-3,0.0657,0.9343,
AI,Originality,,gpt-3,1.0,0.0,
AI,Originality,,gpt-3,1.0,0.0,
AI,Originality,,gpt-3,1.0,0.0,
AI,Originality,,gpt-3,1.0,0.0,
AI,Originality,,gpt-3,1.0,0.0,
AI,Originality,,gpt-3,1.0,0.0,
AI,Originality,,gpt-3,1.0,0.0,
AI,Originality,,gpt-3,1.0,0.0,
AI,Originality,,gpt-3,1.0,0.0,
AI,Originality,,gpt-3,1.0,0.0,
AI,Originality,,gpt-3,1.0,0.0,
AI,Originality,,gpt-3,1.0,0.0,
AI,Originality,,gpt-3,1.0,0.0,
AI,Originality,,gpt-3,1.0,0.0,
AI,Originality,,gpt-3,1.0,0.0,
AI,Originality,,gpt-3,1.0,0.0,
AI,Originality,,gpt-3,0.9955,0.0044999999999999,
AI,Originality,,gpt-3,1.0,0.0,
AI,Originality,,gpt-3,1.0,0.0,
AI,Originality,,gpt-3,1.0,0.0,
AI,Originality,,gpt-3,1.0,0.0,
AI,Originality,,gpt-3,0.9998,0.0001999999999999,
AI,Originality,,gpt-3,1.0,0.0,
AI,Originality,,gpt-3,1.0,0.0,
AI,Originality,,gpt-3,1.0,0.0,
AI,Originality,,gpt-3,1.0,0.0,
AI,Originality,,gpt-3,1.0,0.0,
AI,Originality,,gpt-3,1.0,0.0,
AI,Originality,,gpt-3,1.0,0.0,
AI,Originality,,gpt-3,0.9999,9.9999999999989e-05,
AI,Originality,,gpt-3,1.0,0.0,
AI,Originality,,gpt-3,1.0,0.0,
AI,Originality,,gpt-3,1.0,0.0,
AI,Originality,,gpt-3,1.0,0.0,
AI,Originality,,gpt-3,1.0,0.0,
AI,Originality,,gpt-3,1.0,0.0,
AI,Originality,,gpt-3,1.0,0.0,
AI,Originality,,gpt-3,0.9988,0.0011999999999999,
AI,Originality,,gpt-3,1.0,0.0,
AI,Originality,,gpt-3,1.0,0.0,
AI,Originality,,gpt-3,1.0,0.0,
AI,Originality,,gpt-3,1.0,0.0,
AI,Originality,,gpt-3,1.0,0.0,
AI,Originality,,gpt-3,1.0,0.0,
AI,Originality,,gpt-3,1.0,0.0,
AI,Originality,,gpt-3,1.0,0.0,
AI,Originality,,gpt-3,1.0,0.0,
AI,Originality,,gpt-3,1.0,0.0,
AI,Originality,,gpt-3,1.0,0.0,
AI,Originality,,gpt-3,1.0,0.0,
AI,Originality,,gpt-3,1.0,0.0,
AI,Originality,,gpt-3,1.0,0.0,
AI,Originality,,gpt-3,1.0,0.0,
AI,Originality,,gpt-3,1.0,0.0,
AI,Originality,,gpt-3,0.9994,0.0006,
AI,Originality,,gpt-3,1.0,0.0,
AI,Originality,,gpt-3,1.0,0.0,
AI,Originality,,gpt-3,1.0,0.0,
AI,Originality,,gpt-3,1.0,0.0,
AI,Originality,,gpt-3,1.0,0.0,
AI,Originality,,gpt-3,1.0,0.0,
AI,Originality,,gpt-3,1.0,0.0,
AI,Originality,,gpt-3,1.0,0.0,
AI,Originality,,gpt-3,0.9988,0.0011999999999999,
AI,Originality,,gpt-3,1.0,0.0,
AI,Originality,,gpt-3,1.0,0.0,
AI,Originality,,gpt-3,1.0,0.0,
AI,Originality,,gpt-3,1.0,0.0,
AI,Originality,,gpt-3,1.0,0.0,
AI,Originality,,gpt-3,1.0,0.0,
AI,Originality,,gpt-3,1.0,0.0,
AI,Originality,,gpt-3,1.0,0.0,
AI,Originality,,gpt-3,1.0,0.0,
AI,Originality,,gpt-3,1.0,0.0,
AI,Originality,,gpt-3,1.0,0.0,
AI,Originality,,gpt-3,1.0,0.0,
AI,Originality,,gpt-3,1.0,0.0,
AI,Originality,,gpt-3,1.0,0.0,
AI,Originality,,gpt-3,1.0,0.0,
AI,Originality,,gpt-3,1.0,0.0,
AI,Originality,,gpt-3,1.0,0.0,
AI,Originality,,gpt-3,1.0,0.0,
AI,Originality,,gpt-3,1.0,0.0,
AI,Originality,,gpt-3,1.0,0.0,
AI,Originality,,gpt-3,1.0,0.0,
AI,Originality,,gpt-3,1.0,0.0,
AI,Originality,,gpt-3,1.0,0.0,
AI,Originality,,gpt-3,1.0,0.0,
AI,Originality,,gpt-3,1.0,0.0,
AI,Originality,,gpt-3,1.0,0.0,
AI,Originality,,gpt-3,1.0,0.0,
AI,Originality,,gpt-3,1.0,0.0,
AI,Originality,,gpt-3,1.0,0.0,
AI,Originality,,gpt-3,1.0,0.0,
AI,Originality,,gpt-3,1.0,0.0,
AI,Originality,,gpt-3,1.0,0.0,
AI,Originality,,gpt-3,1.0,0.0,
AI,Originality,,gpt-3,1.0,0.0,
AI,Originality,,gpt-3,1.0,0.0,
AI,Originality,,gpt-3,1.0,0.0,
AI,Originality,,gpt-3,1.0,0.0,
AI,Originality,,gpt-3,1.0,0.0,
AI,Originality,,gpt-3,1.0,0.0,
AI,Originality,,gpt-3,1.0,0.0,
AI,Originality,,gpt-3,1.0,0.0,
AI,Originality,,gpt-3,1.0,0.0,
AI,Originality,,gpt-3,1.0,0.0,
AI,Originality,,gpt-3,1.0,0.0,
AI,Originality,,gpt-3,1.0,0.0,
AI,Originality,,gpt-3,1.0,0.0,
AI,Originality,,gpt-3,1.0,0.0,
AI,Originality,,gpt-3,0.9996,0.0003999999999999,
AI,Originality,,gpt-3,1.0,0.0,
AI,Originality,,gpt-3,1.0,0.0,
AI,Originality,,gpt-3,1.0,0.0,
AI,Originality,,gpt-3,1.0,0.0,
AI,Originality,,gpt-3,1.0,0.0,
AI,Originality,,gpt-3,1.0,0.0,
AI,Originality,,gpt-3,1.0,0.0,
AI,Originality,,gpt-3,1.0,0.0,
AI,Originality,,gpt-3,1.0,0.0,
AI,Originality,,gpt-3,1.0,0.0,
AI,Originality,,gpt-3,1.0,0.0,
AI,Originality,,gpt-3,0.9999,9.9999999999989e-05,
AI,Originality,,gpt-3,1.0,0.0,
AI,Originality,,gpt-3,1.0,0.0,
AI,Originality,,gpt-3,1.0,0.0,
AI,Originality,,gpt-3,1.0,0.0,
AI,Originality,,gpt-3,1.0,0.0,
AI,Originality,,gpt-3,1.0,0.0,
AI,Originality,,gpt-3,1.0,0.0,
AI,Originality,,gpt-3,1.0,0.0,
AI,Originality,,gpt-3,1.0,0.0,
AI,Originality,,gpt-3,1.0,0.0,
AI,Originality,,gpt-3,1.0,0.0,
AI,Originality,,gpt-3,1.0,0.0,
AI,Originality,,gpt-3,1.0,0.0,
AI,Originality,,gpt-3,1.0,0.0,
AI,Originality,,gpt-3,1.0,0.0,
AI,Originality,,gpt-3,1.0,0.0,
AI,Originality,,gpt-3,1.0,0.0,
AI,Originality,,gpt-3,0.9999,9.9999999999989e-05,
AI,Originality,,gpt-3,1.0,0.0,
AI,Originality,,gpt-3,1.0,0.0,
AI,Originality,,gpt-3,1.0,0.0,
AI,Originality,,gpt-3,1.0,0.0,
AI,Originality,,gpt-3,1.0,0.0,
AI,Originality,,gpt-3,0.9953,0.0047,
AI,Originality,,gpt-3,1.0,0.0,
AI,Originality,,gpt-3,1.0,0.0,
AI,Originality,,chatgpt,1.0,0.0,
AI,Originality,,chatgpt,1.0,0.0,
AI,Originality,,chatgpt,1.0,0.0,
AI,Originality,,chatgpt,1.0,0.0,
AI,Originality,,chatgpt,1.0,0.0,
AI,Originality,,chatgpt,1.0,0.0,
AI,Originality,,chatgpt,1.0,0.0,
AI,Originality,,chatgpt,1.0,0.0,
AI,Originality,,chatgpt,1.0,0.0,
AI,Originality,,chatgpt,1.0,0.0,
AI,Originality,,chatgpt,1.0,0.0,
AI,Originality,,chatgpt,1.0,0.0,
AI,Originality,,chatgpt,1.0,0.0,
AI,Originality,,chatgpt,1.0,0.0,
AI,Originality,,chatgpt,1.0,0.0,
AI,Originality,,chatgpt,0.9998,0.0001999999999999,
AI,Originality,,chatgpt,1.0,0.0,
AI,Originality,,chatgpt,1.0,0.0,
AI,Originality,,chatgpt,1.0,0.0,
AI,Originality,,chatgpt,1.0,0.0,
AI,Originality,,chatgpt,1.0,0.0,
AI,Originality,,chatgpt,1.0,0.0,
AI,Originality,,chatgpt,1.0,0.0,
AI,Originality,,chatgpt,1.0,0.0,
AI,Originality,,chatgpt,1.0,0.0,
AI,Originality,,chatgpt,0.9925,0.0074999999999999,
AI,Originality,,chatgpt,1.0,0.0,
AI,Originality,,chatgpt,1.0,0.0,
AI,Originality,,chatgpt,0.9992,0.0008,
AI,Originality,,chatgpt,1.0,0.0,
AI,Originality,,chatgpt,1.0,0.0,
AI,Originality,,chatgpt,1.0,0.0,
AI,Originality,,chatgpt,1.0,0.0,
AI,Originality,,chatgpt,1.0,0.0,
AI,Originality,,chatgpt,1.0,0.0,
AI,Originality,,chatgpt,1.0,0.0,
AI,Originality,,chatgpt,1.0,0.0,
AI,Originality,,chatgpt,1.0,0.0,
AI,Originality,,chatgpt,1.0,0.0,
AI,Originality,,chatgpt,1.0,0.0,
AI,Originality,,chatgpt,1.0,0.0,
AI,Originality,,chatgpt,0.9949,0.0050999999999999,
AI,Originality,,chatgpt,1.0,0.0,
AI,Originality,,chatgpt,1.0,0.0,
AI,Originality,,chatgpt,0.9958,0.0041999999999999,
AI,Originality,,chatgpt,1.0,0.0,
AI,Originality,,chatgpt,1.0,0.0,
AI,Originality,,chatgpt,1.0,0.0,
AI,Originality,,chatgpt,1.0,0.0,
AI,Originality,,chatgpt,1.0,0.0,
AI,Originality,,chatgpt,1.0,0.0,
AI,Originality,,chatgpt,1.0,0.0,
AI,Originality,,chatgpt,1.0,0.0,
AI,Originality,,chatgpt,1.0,0.0,
AI,Originality,,chatgpt,1.0,0.0,
AI,Originality,,chatgpt,1.0,0.0,
AI,Originality,,chatgpt,1.0,0.0,
AI,Originality,,chatgpt,1.0,0.0,
AI,Originality,,chatgpt,0.9998,0.0001999999999999,
AI,Originality,,chatgpt,1.0,0.0,
AI,Originality,,chatgpt,1.0,0.0,
AI,Originality,,chatgpt,1.0,0.0,
AI,Originality,,chatgpt,1.0,0.0,
AI,Originality,,chatgpt,1.0,0.0,
AI,Originality,,chatgpt,1.0,0.0,
AI,Originality,,chatgpt,1.0,0.0,
AI,Originality,,chatgpt,1.0,0.0,
AI,Originality,,chatgpt,1.0,0.0,
AI,Originality,,chatgpt,1.0,0.0,
AI,Originality,,chatgpt,1.0,0.0,
AI,Originality,,chatgpt,1.0,0.0,
AI,Originality,,chatgpt,1.0,0.0,
AI,Originality,,chatgpt,0.7497,0.2502999999999999,
AI,Originality,,chatgpt,1.0,0.0,
AI,Originality,,chatgpt,0.9999,9.9999999999989e-05,
AI,Originality,,chatgpt,0.9999,9.9999999999989e-05,
AI,Originality,,chatgpt,0.9997,0.0002999999999999,
AI,Originality,,chatgpt,1.0,0.0,
AI,Originality,,chatgpt,1.0,0.0,
AI,Originality,,chatgpt,1.0,0.0,
AI,Originality,,chatgpt,1.0,0.0,
AI,Originality,,chatgpt,0.9275,0.0725,
AI,Originality,,chatgpt,1.0,0.0,
AI,Originality,,chatgpt,1.0,0.0,
AI,Originality,,chatgpt,1.0,0.0,
AI,Originality,,chatgpt,1.0,0.0,
AI,Originality,,chatgpt,1.0,0.0,
AI,Originality,,chatgpt,1.0,0.0,
AI,Originality,,chatgpt,1.0,0.0,
AI,Originality,,chatgpt,1.0,0.0,
AI,Originality,,chatgpt,1.0,0.0,
AI,Originality,,chatgpt,1.0,0.0,
AI,Originality,,chatgpt,1.0,0.0,
AI,Originality,,chatgpt,1.0,0.0,
AI,Originality,,chatgpt,1.0,0.0,
AI,Originality,,chatgpt,1.0,0.0,
AI,Originality,,chatgpt,0.9993,0.0007,
AI,Originality,,chatgpt,1.0,0.0,
AI,Originality,,chatgpt,1.0,0.0,
AI,Originality,,chatgpt,1.0,0.0,
AI,Originality,,chatgpt,1.0,0.0,
AI,Originality,,chatgpt,1.0,0.0,
AI,Originality,,chatgpt,1.0,0.0,
AI,Originality,,chatgpt,1.0,0.0,
AI,Originality,,chatgpt,1.0,0.0,
AI,Originality,,chatgpt,1.0,0.0,
AI,Originality,,chatgpt,1.0,0.0,
AI,Originality,,chatgpt,1.0,0.0,
AI,Originality,,chatgpt,1.0,0.0,
AI,Originality,,chatgpt,1.0,0.0,
AI,Originality,,chatgpt,1.0,0.0,
AI,Originality,,chatgpt,1.0,0.0,
AI,Originality,,chatgpt,1.0,0.0,
AI,Originality,,chatgpt,1.0,0.0,
AI,Originality,,chatgpt,0.9481,0.0518999999999999,
AI,Originality,,chatgpt,1.0,0.0,
AI,Originality,,chatgpt,1.0,0.0,
AI,Originality,,chatgpt,1.0,0.0,
AI,Originality,,chatgpt,1.0,0.0,
AI,Originality,,chatgpt,1.0,0.0,
AI,Originality,,chatgpt,0.9999,9.9999999999989e-05,
AI,Originality,,chatgpt,0.9861,0.0139,
AI,Originality,,chatgpt,1.0,0.0,
AI,Originality,,chatgpt,1.0,0.0,
AI,Originality,,chatgpt,1.0,0.0,
AI,Originality,,chatgpt,1.0,0.0,
AI,Originality,,chatgpt,1.0,0.0,
AI,Originality,,chatgpt,0.9986,0.0013999999999999,
AI,Originality,,chatgpt,1.0,0.0,
AI,Originality,,chatgpt,1.0,0.0,
AI,Originality,,chatgpt,1.0,0.0,
AI,Originality,,chatgpt,1.0,0.0,
AI,Originality,,chatgpt,0.9966,0.0033999999999999,
AI,Originality,,chatgpt,1.0,0.0,
AI,Originality,,chatgpt,1.0,0.0,
AI,Originality,,chatgpt,1.0,0.0,
AI,Originality,,chatgpt,1.0,0.0,
AI,Originality,,chatgpt,1.0,0.0,
AI,Originality,,chatgpt,1.0,0.0,
AI,Originality,,chatgpt,1.0,0.0,
AI,Originality,,chatgpt,1.0,0.0,
AI,Originality,,chatgpt,0.998,0.002,
AI,Originality,,chatgpt,1.0,0.0,
AI,Originality,,chatgpt,1.0,0.0,
AI,Originality,,chatgpt,1.0,0.0,
AI,Originality,,chatgpt,1.0,0.0,
AI,Originality,,chatgpt,1.0,0.0,
AI,Originality,,chatgpt,1.0,0.0,
AI,Originality,,chatgpt,1.0,0.0,
AI,Originality,,chatgpt,1.0,0.0,
AI,Originality,,chatgpt,1.0,0.0,
AI,Originality,,chatgpt,1.0,0.0,
AI,Originality,,chatgpt,1.0,0.0,
AI,Originality,,chatgpt,1.0,0.0,
AI,Originality,,chatgpt,1.0,0.0,
AI,Originality,,chatgpt,1.0,0.0,
AI,Originality,,chatgpt,1.0,0.0,
AI,Originality,,chatgpt,1.0,0.0,
AI,Originality,,chatgpt,1.0,0.0,
AI,Originality,,chatgpt,1.0,0.0,
AI,Originality,,chatgpt,1.0,0.0,
AI,Originality,,chatgpt,1.0,0.0,
AI,Originality,,chatgpt,1.0,0.0,
AI,Originality,,chatgpt,0.9925,0.0074999999999999,
AI,Originality,,chatgpt,1.0,0.0,
AI,Originality,,chatgpt,1.0,0.0,
AI,Originality,,chatgpt,1.0,0.0,
AI,Originality,,chatgpt,1.0,0.0,
AI,Originality,,chatgpt,1.0,0.0,
AI,Originality,,chatgpt,1.0,0.0,
AI,Originality,,chatgpt,0.0521,0.9479,
AI,Originality,,chatgpt,1.0,0.0,
AI,Originality,,chatgpt,1.0,0.0,
AI,Originality,,chatgpt,1.0,0.0,
AI,Originality,,chatgpt,1.0,0.0,
AI,Originality,,chatgpt,0.9999,9.9999999999989e-05,
AI,Originality,,chatgpt,1.0,0.0,
AI,Originality,,chatgpt,1.0,0.0,
AI,Originality,,chatgpt,0.9997,0.0002999999999999,
AI,Originality,,chatgpt,1.0,0.0,
AI,Originality,,chatgpt,1.0,0.0,
AI,Originality,,chatgpt,1.0,0.0,
AI,Originality,,chatgpt,1.0,0.0,
AI,Originality,,chatgpt,0.501,0.499,
AI,Originality,,chatgpt,1.0,0.0,
AI,Originality,,chatgpt,1.0,0.0,
AI,Originality,,chatgpt,1.0,0.0,
AI,Originality,,chatgpt,1.0,0.0,
AI,Originality,,chatgpt,1.0,0.0,
AI,Originality,,chatgpt,0.9998,0.0001999999999999,
AI,Originality,,chatgpt,1.0,0.0,
AI,Originality,,chatgpt,1.0,0.0,
AI,Originality,,chatgpt,1.0,0.0,
AI,Originality,,chatgpt,1.0,0.0,
AI,Originality,,chatgpt,1.0,0.0,
AI,Originality,,chatgpt,1.0,0.0,
AI,Originality,,chatgpt,1.0,0.0,
AI,Originality,,chatgpt,1.0,0.0,
AI,Originality,,chatgpt,1.0,0.0,
AI,Originality,,chatgpt,1.0,0.0,
AI,Originality,,chatgpt,0.9998,0.0001999999999999,
AI,Originality,,chatgpt,1.0,0.0,
AI,Originality,,chatgpt,1.0,0.0,
AI,Originality,,chatgpt,1.0,0.0,
AI,Originality,,chatgpt,0.9999,9.9999999999989e-05,
AI,Originality,,chatgpt,1.0,0.0,
AI,Originality,,chatgpt,1.0,0.0,
AI,Originality,,chatgpt,1.0,0.0,
AI,Originality,,chatgpt,1.0,0.0,
AI,Originality,,chatgpt,0.9934,0.0066,
AI,Originality,,chatgpt,0.9942,0.0058,
AI,Originality,,chatgpt,1.0,0.0,
AI,Originality,,chatgpt,0.9995,0.0004999999999999,
AI,Originality,,chatgpt,1.0,0.0,
AI,Originality,,chatgpt,1.0,0.0,
AI,Originality,,chatgpt,1.0,0.0,
AI,Originality,,chatgpt,1.0,0.0,
AI,Originality,,chatgpt,1.0,0.0,
AI,Originality,,chatgpt,1.0,0.0,
AI,Originality,,chatgpt,1.0,0.0,
AI,Originality,,chatgpt,1.0,0.0,
AI,Originality,,chatgpt,1.0,0.0,
AI,Originality,,chatgpt,1.0,0.0,
AI,Originality,,chatgpt,1.0,0.0,
AI,Originality,,chatgpt,1.0,0.0,
AI,Originality,,chatgpt,1.0,0.0,
AI,Originality,,chatgpt,1.0,0.0,
AI,Originality,,chatgpt,1.0,0.0,
AI,Originality,,chatgpt,1.0,0.0,
AI,Originality,,chatgpt,1.0,0.0,
AI,Originality,,chatgpt,1.0,0.0,
AI,Originality,,chatgpt,1.0,0.0,
AI,Originality,,chatgpt,1.0,0.0,
AI,Originality,,chatgpt,1.0,0.0,
AI,Originality,,chatgpt,1.0,0.0,
AI,Originality,,chatgpt,1.0,0.0,
AI,Originality,,chatgpt,1.0,0.0,
AI,Originality,,chatgpt,0.9998,0.0001999999999999,
AI,Originality,,chatgpt,0.9999,9.9999999999989e-05,
AI,Originality,,chatgpt,1.0,0.0,
AI,Originality,,chatgpt,1.0,0.0,
AI,Originality,,chatgpt,1.0,0.0,
AI,Originality,,chatgpt,1.0,0.0,
AI,Originality,,chatgpt,1.0,0.0,
AI,Originality,,chatgpt,1.0,0.0,
AI,Originality,,chatgpt,0.9999,9.9999999999989e-05,
AI,Originality,,chatgpt,0.9998,0.0001999999999999,
AI,Originality,,chatgpt,1.0,0.0,
AI,Originality,,chatgpt,1.0,0.0,
AI,Originality,,chatgpt,1.0,0.0,
AI,Originality,,gpt-4,1.0,0.0,
AI,Originality,,gpt-4,1.0,0.0,
AI,Originality,,gpt-4,1.0,0.0,
AI,Originality,,gpt-4,1.0,0.0,
AI,Originality,,gpt-4,1.0,0.0,
AI,Originality,,gpt-4,1.0,0.0,
AI,Originality,,gpt-4,1.0,0.0,
AI,Originality,,gpt-4,1.0,0.0,
AI,Originality,,gpt-4,0.9996,0.0003999999999999,
AI,Originality,,gpt-4,1.0,0.0,
AI,Originality,,gpt-4,1.0,0.0,
AI,Originality,,gpt-4,1.0,0.0,
AI,Originality,,gpt-4,0.9994,0.0006,
AI,Originality,,gpt-4,1.0,0.0,
AI,Originality,,gpt-4,1.0,0.0,
AI,Originality,,gpt-4,1.0,0.0,
AI,Originality,,gpt-4,1.0,0.0,
AI,Originality,,gpt-4,1.0,0.0,
AI,Originality,,gpt-4,1.0,0.0,
AI,Originality,,gpt-4,1.0,0.0,
AI,Originality,,gpt-4,1.0,0.0,
AI,Originality,,gpt-4,1.0,0.0,
AI,Originality,,gpt-4,1.0,0.0,
AI,Originality,,gpt-4,1.0,0.0,
AI,Originality,,gpt-4,1.0,0.0,
AI,Originality,,gpt-4,1.0,0.0,
AI,Originality,,gpt-4,0.7419,0.2581,
AI,Originality,,gpt-4,1.0,0.0,
AI,Originality,,gpt-4,1.0,0.0,
AI,Originality,,gpt-4,1.0,0.0,
AI,Originality,,gpt-4,1.0,0.0,
AI,Originality,,gpt-4,1.0,0.0,
AI,Originality,,gpt-4,1.0,0.0,
AI,Originality,,gpt-4,1.0,0.0,
AI,Originality,,gpt-4,1.0,0.0,
AI,Originality,,gpt-4,1.0,0.0,
AI,Originality,,gpt-4,1.0,0.0,
AI,Originality,,gpt-4,1.0,0.0,
AI,Originality,,gpt-4,1.0,0.0,
AI,Originality,,gpt-4,1.0,0.0,
AI,Originality,,gpt-4,1.0,0.0,
AI,Originality,,gpt-4,1.0,0.0,
AI,Originality,,gpt-4,1.0,0.0,
AI,Originality,,gpt-4,0.9974,0.0026,
AI,Originality,,gpt-4,1.0,0.0,
AI,Originality,,gpt-4,1.0,0.0,
AI,Originality,,gpt-4,1.0,0.0,
AI,Originality,,gpt-4,1.0,0.0,
AI,Originality,,gpt-4,1.0,0.0,
AI,Originality,,gpt-4,1.0,0.0,
AI,Originality,,gpt-4,1.0,0.0,
AI,Originality,,gpt-4,1.0,0.0,
AI,Originality,,gpt-4,1.0,0.0,
AI,Originality,,gpt-4,1.0,0.0,
AI,Originality,,gpt-4,0.9995,0.0004999999999999,
AI,Originality,,gpt-4,1.0,0.0,
AI,Originality,,gpt-4,0.9997,0.0002999999999999,
AI,Originality,,gpt-4,1.0,0.0,
AI,Originality,,gpt-4,1.0,0.0,
AI,Originality,,gpt-4,0.0389,0.9611,
AI,Originality,,gpt-4,1.0,0.0,
AI,Originality,,gpt-4,1.0,0.0,
AI,Originality,,gpt-4,1.0,0.0,
AI,Originality,,gpt-4,1.0,0.0,
AI,Originality,,gpt-4,0.9984,0.0016,
AI,Originality,,gpt-4,1.0,0.0,
AI,Originality,,gpt-4,1.0,0.0,
AI,Originality,,gpt-4,1.0,0.0,
AI,Originality,,gpt-4,1.0,0.0,
AI,Originality,,gpt-4,1.0,0.0,
AI,Originality,,gpt-4,1.0,0.0,
AI,Originality,,gpt-4,0.9997,0.0002999999999999,
AI,Originality,,gpt-4,1.0,0.0,
AI,Originality,,gpt-4,0.9206,0.0794,
AI,Originality,,gpt-4,1.0,0.0,
AI,Originality,,gpt-4,1.0,0.0,
AI,Originality,,gpt-4,1.0,0.0,
AI,Originality,,gpt-4,1.0,0.0,
AI,Originality,,gpt-4,1.0,0.0,
AI,Originality,,gpt-4,1.0,0.0,
AI,Originality,,gpt-4,1.0,0.0,
AI,Originality,,gpt-4,1.0,0.0,
AI,Originality,,gpt-4,1.0,0.0,
AI,Originality,,gpt-4,1.0,0.0,
AI,Originality,,gpt-4,1.0,0.0,
AI,Originality,,gpt-4,1.0,0.0,
AI,Originality,,gpt-4,1.0,0.0,
AI,Originality,,gpt-4,1.0,0.0,
AI,Originality,,gpt-4,1.0,0.0,
AI,Originality,,gpt-4,1.0,0.0,
AI,Originality,,gpt-4,1.0,0.0,
AI,Originality,,gpt-4,1.0,0.0,
AI,Originality,,gpt-4,1.0,0.0,
AI,Originality,,gpt-4,1.0,0.0,
AI,Originality,,gpt-4,1.0,0.0,
AI,Originality,,gpt-4,1.0,0.0,
AI,Originality,,gpt-4,1.0,0.0,
AI,Originality,,gpt-4,1.0,0.0,
AI,Originality,,gpt-4,1.0,0.0,
AI,Originality,,gpt-4,1.0,0.0,
AI,Originality,,gpt-4,1.0,0.0,
AI,Originality,,gpt-4,1.0,0.0,
AI,Originality,,gpt-4,1.0,0.0,
AI,Originality,,gpt-4,1.0,0.0,
AI,Originality,,gpt-4,1.0,0.0,
AI,Originality,,gpt-4,1.0,0.0,
AI,Originality,,gpt-4,1.0,0.0,
AI,Originality,,gpt-4,1.0,0.0,
AI,Originality,,gpt-4,1.0,0.0,
AI,Originality,,gpt-4,1.0,0.0,
AI,Originality,,gpt-4,0.9926,0.0073999999999999,
AI,Originality,,gpt-4,1.0,0.0,
AI,Originality,,gpt-4,1.0,0.0,
AI,Originality,,gpt-4,1.0,0.0,
AI,Originality,,gpt-4,1.0,0.0,
AI,Originality,,gpt-4,1.0,0.0,
AI,Originality,,gpt-4,1.0,0.0,
AI,Originality,,gpt-4,1.0,0.0,
AI,Originality,,gpt-4,1.0,0.0,
AI,Originality,,gpt-4,1.0,0.0,
AI,Originality,,gpt-4,1.0,0.0,
AI,Originality,,gpt-4,1.0,0.0,
AI,Originality,,gpt-4,1.0,0.0,
AI,Originality,,gpt-4,1.0,0.0,
AI,Originality,,gpt-4,1.0,0.0,
AI,Originality,,gpt-4,1.0,0.0,
AI,Originality,,gpt-4,1.0,0.0,
AI,Originality,,gpt-4,1.0,0.0,
AI,Originality,,gpt-4,1.0,0.0,
AI,Originality,,gpt-4,0.9999,9.9999999999989e-05,
AI,Originality,,gpt-4,1.0,0.0,
AI,Originality,,gpt-4,1.0,0.0,
AI,Originality,,gpt-4,1.0,0.0,
AI,Originality,,gpt-4,1.0,0.0,
AI,Originality,,gpt-4,1.0,0.0,
AI,Originality,,gpt-4,1.0,0.0,
AI,Originality,,gpt-4,1.0,0.0,
AI,Originality,,gpt-4,1.0,0.0,
AI,Originality,,gpt-4,1.0,0.0,
AI,Originality,,gpt-4,1.0,0.0,
AI,Originality,,gpt-4,1.0,0.0,
AI,Originality,,gpt-4,1.0,0.0,
AI,Originality,,gpt-4,1.0,0.0,
AI,Originality,,gpt-4,1.0,0.0,
AI,Originality,,gpt-4,1.0,0.0,
AI,Originality,,gpt-4,1.0,0.0,
AI,Originality,,gpt-4,1.0,0.0,
AI,Originality,,gpt-4,1.0,0.0,
AI,Originality,,gpt-4,1.0,0.0,
AI,Originality,,gpt-4,1.0,0.0,
AI,Originality,,gpt-4,1.0,0.0,
AI,Originality,,gpt-4,1.0,0.0,
AI,Originality,,gpt-4,1.0,0.0,
AI,Originality,,gpt-4,1.0,0.0,
AI,Originality,,gpt-4,1.0,0.0,
AI,Originality,,gpt-4,1.0,0.0,
AI,Originality,,gpt-4,1.0,0.0,
AI,Originality,,gpt-4,1.0,0.0,
AI,Originality,,gpt-4,1.0,0.0,
AI,Originality,,gpt-4,1.0,0.0,
AI,Originality,,gpt-4,1.0,0.0,
AI,Originality,,gpt-4,0.9985,0.0014999999999999,
AI,Originality,,gpt-4,1.0,0.0,
AI,Originality,,gpt-4,1.0,0.0,
AI,Originality,,gpt-4,1.0,0.0,
AI,Originality,,gpt-4,1.0,0.0,
AI,Originality,,gpt-4,1.0,0.0,
AI,Originality,,gpt-4,1.0,0.0,
AI,Originality,,gpt-4,1.0,0.0,
AI,Originality,,gpt-4,1.0,0.0,
AI,Originality,,gpt-4,1.0,0.0,
AI,Originality,,gpt-4,0.9998,0.0001999999999999,
AI,Originality,,gpt-4,1.0,0.0,
AI,Originality,,gpt-4,1.0,0.0,
AI,Originality,,gpt-4,1.0,0.0,
AI,Originality,,gpt-4,1.0,0.0,
AI,Originality,,gpt-4,1.0,0.0,
AI,Originality,,gpt-4,1.0,0.0,
AI,Originality,,gpt-4,1.0,0.0,
AI,Originality,,gpt-4,1.0,0.0,
AI,Originality,,gpt-4,0.9991,0.0009,
AI,Originality,,gpt-4,1.0,0.0,
AI,Originality,,gpt-4,1.0,0.0,
AI,Originality,,gpt-4,1.0,0.0,
AI,Originality,,gpt-4,1.0,0.0,
AI,Originality,,gpt-4,1.0,0.0,
AI,Originality,,gpt-4,1.0,0.0,
AI,Originality,,gpt-4,0.9991,0.0009,
AI,Originality,,gpt-4,1.0,0.0,
AI,Originality,,gpt-4,1.0,0.0,
AI,Originality,,gpt-4,1.0,0.0,
AI,Originality,,gpt-4,1.0,0.0,
AI,Originality,,gpt-4,1.0,0.0,
AI,Originality,,gpt-4,1.0,0.0,
AI,Originality,,gpt-4,0.9999,9.9999999999989e-05,
AI,Originality,,gpt-4,1.0,0.0,
AI,Originality,,gpt-4,1.0,0.0,
AI,Originality,,gpt-4,1.0,0.0,
AI,Originality,,gpt-4,1.0,0.0,
AI,Originality,,gpt-4,1.0,0.0,
AI,Originality,,gpt-4,1.0,0.0,
AI,Originality,,gpt-4,1.0,0.0,
AI,Originality,,gpt-4,1.0,0.0,
AI,Originality,,gpt-4,1.0,0.0,
AI,Originality,,gpt-4,1.0,0.0,
AI,Originality,,gpt-4,1.0,0.0,
AI,Originality,,gpt-4,1.0,0.0,
AI,Originality,,gpt-4,1.0,0.0,
AI,Originality,,gpt-4,1.0,0.0,
AI,Originality,,gpt-4,1.0,0.0,
AI,Originality,,gpt-4,0.9998,0.0001999999999999,
AI,Originality,,gpt-4,1.0,0.0,
AI,Originality,,gpt-4,1.0,0.0,
AI,Originality,,gpt-4,1.0,0.0,
AI,Originality,,gpt-4,1.0,0.0,
AI,Originality,,gpt-4,1.0,0.0,
AI,Originality,,gpt-4,1.0,0.0,
AI,Originality,,gpt-4,1.0,0.0,
AI,Originality,,gpt-4,1.0,0.0,
AI,Originality,,gpt-4,1.0,0.0,
AI,Originality,,gpt-4,1.0,0.0,
AI,Originality,,gpt-4,0.9996,0.0003999999999999,
AI,Originality,,gpt-4,1.0,0.0,
AI,Originality,,gpt-4,1.0,0.0,
AI,Originality,,gpt-4,1.0,0.0,
AI,Originality,,gpt-4,1.0,0.0,
AI,Originality,,gpt-4,1.0,0.0,
AI,Originality,,gpt-4,1.0,0.0,
AI,Originality,,gpt-4,0.9999,9.9999999999989e-05,
AI,Originality,,gpt-4,1.0,0.0,
AI,Originality,,gpt-4,1.0,0.0,
AI,Originality,,gpt-4,1.0,0.0,
AI,Originality,,gpt-4,1.0,0.0,
AI,Originality,,gpt-4,1.0,0.0,
AI,Originality,,gpt-4,1.0,0.0,
AI,Originality,,gpt-4,1.0,0.0,
AI,Originality,,gpt-4,1.0,0.0,
AI,Originality,,gpt-4,1.0,0.0,
AI,Originality,,gpt-4,1.0,0.0,
AI,Originality,,gpt-4,1.0,0.0,
AI,Originality,,gpt-4,1.0,0.0,
AI,Originality,,gpt-4,1.0,0.0,
AI,Originality,,gpt-4,1.0,0.0,
AI,Originality,,gpt-4,1.0,0.0,
AI,Originality,,gpt-4,1.0,0.0,
AI,Originality,,gpt-4,1.0,0.0,
AI,Originality,,gpt-4,1.0,0.0,
AI,Originality,,gpt-4,1.0,0.0,
AI,Originality,,gpt-4,1.0,0.0,
AI,Originality,,gpt-4,1.0,0.0,
AI,Originality,,paraphrase,0.9402,0.0597999999999999,
AI,Originality,,paraphrase,1.0,0.0,
AI,Originality,,paraphrase,1.0,0.0,
AI,Originality,,paraphrase,0.8975,0.1025,
AI,Originality,,paraphrase,1.0,0.0,
AI,Originality,,paraphrase,1.0,0.0,
AI,Originality,,paraphrase,1.0,0.0,
AI,Originality,,paraphrase,0.0005,0.9995,
AI,Originality,,paraphrase,0.9848,0.0151999999999999,
AI,Originality,,paraphrase,1.0,0.0,
AI,Originality,,paraphrase,1.0,0.0,
AI,Originality,,paraphrase,0.9999,9.9999999999989e-05,
AI,Originality,,paraphrase,0.9997,0.0002999999999999,
AI,Originality,,paraphrase,1.0,0.0,
AI,Originality,,paraphrase,0.8985,0.1015,
AI,Originality,,paraphrase,0.9863,0.0137,
AI,Originality,,paraphrase,0.9897,0.0102999999999999,
AI,Originality,,paraphrase,1.0,0.0,
AI,Originality,,paraphrase,0.9971,0.0029,
AI,Originality,,paraphrase,1.0,0.0,
AI,Originality,,paraphrase,0.0006,0.9994,
AI,Originality,,paraphrase,1.0,0.0,
AI,Originality,,paraphrase,0.9999,9.9999999999989e-05,
AI,Originality,,paraphrase,1.0,0.0,
AI,Originality,,paraphrase,0.9989,0.0010999999999999,
AI,Originality,,paraphrase,1.0,0.0,
AI,Originality,,paraphrase,0.7465,0.2534999999999999,
AI,Originality,,paraphrase,1.0,0.0,
AI,Originality,,paraphrase,0.9999,9.9999999999989e-05,
AI,Originality,,paraphrase,1.0,0.0,
AI,Originality,,paraphrase,0.9998,0.0001999999999999,
AI,Originality,,paraphrase,0.9999,9.9999999999989e-05,
AI,Originality,,paraphrase,1.0,0.0,
AI,Originality,,paraphrase,0.9997,0.0002999999999999,
AI,Originality,,paraphrase,0.9948,0.0051999999999999,
AI,Originality,,paraphrase,1.0,0.0,
AI,Originality,,paraphrase,1.0,0.0,
AI,Originality,,paraphrase,0.9993,0.0007,
AI,Originality,,paraphrase,1.0,0.0,
AI,Originality,,paraphrase,0.9996,0.0003999999999999,
AI,Originality,,paraphrase,0.0175,0.9825,
AI,Originality,,paraphrase,0.9977,0.0022999999999999,
AI,Originality,,paraphrase,1.0,0.0,
AI,Originality,,paraphrase,1.0,0.0,
AI,Originality,,paraphrase,1.0,0.0,
AI,Originality,,paraphrase,0.999,0.001,
AI,Originality,,paraphrase,1.0,0.0,
AI,Originality,,paraphrase,1.0,0.0,
AI,Originality,,paraphrase,0.9983,0.0017,
AI,Originality,,paraphrase,1.0,0.0,
AI,Originality,,paraphrase,1.0,0.0,
AI,Originality,,paraphrase,1.0,0.0,
AI,Originality,,paraphrase,0.9992,0.0008,
AI,Originality,,paraphrase,0.0171,0.9829,
AI,Originality,,paraphrase,1.0,0.0,
AI,Originality,,paraphrase,1.0,0.0,
AI,Originality,,paraphrase,0.9246,0.0754,
AI,Originality,,paraphrase,0.9997,0.0002999999999999,
AI,Originality,,paraphrase,1.0,0.0,
AI,Originality,,paraphrase,0.9999,9.9999999999989e-05,
AI,Originality,,paraphrase,0.9937,0.0062999999999999,
AI,Originality,,paraphrase,0.9997,0.0002999999999999,
AI,Originality,,paraphrase,1.0,0.0,
AI,Originality,,paraphrase,0.997,0.003,
AI,Originality,,paraphrase,0.9994,0.0006,
AI,Originality,,paraphrase,0.7092,0.2907999999999999,
AI,Originality,,paraphrase,1.0,0.0,
AI,Originality,,paraphrase,1.0,0.0,
AI,Originality,,paraphrase,0.9999,9.9999999999989e-05,
AI,Originality,,paraphrase,1.0,0.0,
AI,Originality,,paraphrase,0.9885,0.0114999999999999,
AI,Originality,,paraphrase,1.0,0.0,
AI,Originality,,paraphrase,1.0,0.0,
AI,Originality,,paraphrase,0.9998,0.0001999999999999,
AI,Originality,,paraphrase,0.9997,0.0002999999999999,
AI,Originality,,paraphrase,0.9993,0.0007,
AI,Originality,,paraphrase,1.0,0.0,
AI,Originality,,paraphrase,1.0,0.0,
AI,Originality,,paraphrase,1.0,0.0,
AI,Originality,,paraphrase,1.0,0.0,
AI,Originality,,paraphrase,0.9999,9.9999999999989e-05,
AI,Originality,,paraphrase,1.0,0.0,
AI,Originality,,paraphrase,1.0,0.0,
AI,Originality,,paraphrase,1.0,0.0,
AI,Originality,,paraphrase,0.9999,9.9999999999989e-05,
AI,Originality,,paraphrase,0.8957,0.1042999999999999,
AI,Originality,,paraphrase,1.0,0.0,
AI,Originality,,paraphrase,0.9998,0.0001999999999999,
AI,Originality,,paraphrase,0.9999,9.9999999999989e-05,
AI,Originality,,paraphrase,0.9999,9.9999999999989e-05,
AI,Originality,,paraphrase,0.9995,0.0004999999999999,
AI,Originality,,paraphrase,1.0,0.0,
AI,Originality,,paraphrase,0.886,0.1139999999999999,
AI,Originality,,paraphrase,0.9998,0.0001999999999999,
AI,Originality,,paraphrase,0.422,0.5780000000000001,
AI,Originality,,paraphrase,1.0,0.0,
AI,Originality,,paraphrase,1.0,0.0,
AI,Originality,,paraphrase,1.0,0.0,
AI,Originality,,paraphrase,1.0,0.0,
AI,Originality,,paraphrase,1.0,0.0,
AI,Originality,,paraphrase,0.9999,9.9999999999989e-05,
AI,Originality,,paraphrase,1.0,0.0,
AI,Originality,,paraphrase,0.9734,0.0265999999999999,
AI,Originality,,paraphrase,1.0,0.0,
AI,Originality,,paraphrase,0.9999,9.9999999999989e-05,
AI,Originality,,paraphrase,0.3182,0.6818,
AI,Originality,,paraphrase,0.9998,0.0001999999999999,
AI,Originality,,paraphrase,1.0,0.0,
AI,Originality,,paraphrase,1.0,0.0,
AI,Originality,,paraphrase,1.0,0.0,
AI,Originality,,paraphrase,1.0,0.0,
AI,Originality,,paraphrase,0.9942,0.0058,
AI,Originality,,paraphrase,0.9997,0.0002999999999999,
AI,Originality,,paraphrase,0.9997,0.0002999999999999,
AI,Originality,,paraphrase,0.9982,0.0018,
AI,Originality,,paraphrase,0.9997,0.0002999999999999,
AI,Originality,,paraphrase,0.9527,0.0473,
AI,Originality,,paraphrase,0.9995,0.0004999999999999,
AI,Originality,,paraphrase,1.0,0.0,
AI,Originality,,paraphrase,0.9999,9.9999999999989e-05,
AI,Originality,,paraphrase,1.0,0.0,
AI,Originality,,paraphrase,1.0,0.0,
AI,Originality,,paraphrase,1.0,0.0,
AI,Originality,,paraphrase,0.9998,0.0001999999999999,
AI,Originality,,paraphrase,0.9995,0.0004999999999999,
AI,Originality,,paraphrase,0.4955,0.5045,
AI,Originality,,paraphrase,0.9998,0.0001999999999999,
AI,Originality,,paraphrase,1.0,0.0,
AI,Originality,,paraphrase,0.9979,0.0020999999999999,
AI,Originality,,paraphrase,0.9999,9.9999999999989e-05,
AI,Originality,,paraphrase,0.9999,9.9999999999989e-05,
AI,Originality,,paraphrase,1.0,0.0,
AI,Originality,,paraphrase,1.0,0.0,
AI,Originality,,paraphrase,1.0,0.0,
AI,Originality,,paraphrase,1.0,0.0,
AI,Originality,,paraphrase,0.9964,0.0036,
AI,Originality,,paraphrase,0.998,0.002,
AI,Originality,,paraphrase,1.0,0.0,
AI,Originality,,paraphrase,0.9996,0.0003999999999999,
AI,Originality,,paraphrase,0.9997,0.0002999999999999,
AI,Originality,,paraphrase,0.9998,0.0001999999999999,
AI,Originality,,paraphrase,1.0,0.0,
AI,Originality,,paraphrase,0.9652,0.0348,
AI,Originality,,paraphrase,1.0,0.0,
AI,Originality,,paraphrase,1.0,0.0,
AI,Originality,,paraphrase,0.9979,0.0020999999999999,
AI,Originality,,paraphrase,1.0,0.0,
AI,Originality,,paraphrase,0.9967,0.0032999999999999,
AI,Originality,,paraphrase,1.0,0.0,
AI,Originality,,paraphrase,1.0,0.0,
AI,Originality,,paraphrase,0.9999,9.9999999999989e-05,
AI,Originality,,paraphrase,0.9797,0.0202999999999999,
AI,Originality,,paraphrase,0.9962,0.0038,
AI,Originality,,paraphrase,0.9997,0.0002999999999999,
AI,Originality,,paraphrase,1.0,0.0,
AI,Originality,,paraphrase,0.9961,0.0039,
AI,Originality,,paraphrase,0.9997,0.0002999999999999,
AI,Originality,,paraphrase,0.9999,9.9999999999989e-05,
AI,Originality,,paraphrase,0.9988,0.0011999999999999,
AI,Originality,,paraphrase,1.0,0.0,
AI,Originality,,paraphrase,0.999,0.001,
AI,Originality,,paraphrase,0.9997,0.0002999999999999,
AI,Originality,,paraphrase,1.0,0.0,
AI,Originality,,paraphrase,1.0,0.0,
AI,Originality,,paraphrase,1.0,0.0,
AI,Originality,,paraphrase,1.0,0.0,
AI,Originality,,paraphrase,0.9981,0.0019,
AI,Originality,,paraphrase,0.9991,0.0009,
AI,Originality,,paraphrase,1.0,0.0,
AI,Originality,,paraphrase,1.0,0.0,
AI,Originality,,paraphrase,0.6979,0.3021,
AI,Originality,,paraphrase,1.0,0.0,
AI,Originality,,paraphrase,0.9995,0.0004999999999999,
AI,Originality,,paraphrase,1.0,0.0,
AI,Originality,,paraphrase,1.0,0.0,
AI,Originality,,paraphrase,1.0,0.0,
AI,Originality,,paraphrase,0.9739,0.0261,
AI,Originality,,paraphrase,0.9915,0.0084999999999999,
AI,Originality,,paraphrase,1.0,0.0,
AI,Originality,,paraphrase,1.0,0.0,
AI,Originality,,paraphrase,1.0,0.0,
AI,Originality,,paraphrase,1.0,0.0,
AI,Originality,,paraphrase,0.1997,0.8003,
AI,Originality,,paraphrase,0.9996,0.0003999999999999,
AI,Originality,,paraphrase,0.9989,0.0010999999999999,
AI,Originality,,paraphrase,0.9282,0.0717999999999999,
AI,Originality,,paraphrase,1.0,0.0,
AI,Originality,,paraphrase,0.9992,0.0008,
AI,Originality,,paraphrase,1.0,0.0,
AI,Originality,,paraphrase,0.0519,0.9481,
AI,Originality,,paraphrase,1.0,0.0,
AI,Originality,,paraphrase,0.9999,9.9999999999989e-05,
AI,Originality,,paraphrase,0.785,0.2149999999999999,
AI,Originality,,paraphrase,0.9434,0.0565999999999999,
AI,Originality,,paraphrase,0.998,0.002,
AI,Originality,,paraphrase,0.4865,0.5135000000000001,
AI,Originality,,paraphrase,1.0,0.0,
AI,Originality,,paraphrase,0.9951,0.0049,
AI,Originality,,paraphrase,1.0,0.0,
AI,Originality,,paraphrase,0.9999,9.9999999999989e-05,
AI,Originality,,paraphrase,0.9996,0.0003999999999999,
AI,Originality,,paraphrase,0.9997,0.0002999999999999,
AI,Originality,,paraphrase,1.0,0.0,
AI,Originality,,paraphrase,1.0,0.0,
AI,Originality,,paraphrase,1.0,0.0,
AI,Originality,,paraphrase,1.0,0.0,
AI,Originality,,paraphrase,0.9996,0.0003999999999999,
AI,Originality,,paraphrase,1.0,0.0,
AI,Originality,,paraphrase,0.9044,0.0956,
AI,Originality,,paraphrase,1.0,0.0,
AI,Originality,,paraphrase,1.0,0.0,
AI,Originality,,paraphrase,1.0,0.0,
AI,Originality,,paraphrase,1.0,0.0,
AI,Originality,,paraphrase,0.9998,0.0001999999999999,
AI,Originality,,paraphrase,0.9408,0.0592,
AI,Originality,,paraphrase,0.1537,0.8463,
AI,Originality,,paraphrase,1.0,0.0,
AI,Originality,,paraphrase,1.0,0.0,
AI,Originality,,paraphrase,0.9999,9.9999999999989e-05,
AI,Originality,,paraphrase,0.9992,0.0008,
AI,Originality,,paraphrase,1.0,0.0,
AI,Originality,,paraphrase,0.9989,0.0010999999999999,
AI,Originality,,paraphrase,1.0,0.0,
AI,Originality,,paraphrase,0.9362,0.0637999999999999,
AI,Originality,,paraphrase,0.9976,0.0023999999999999,
AI,Originality,,paraphrase,1.0,0.0,
AI,Originality,,paraphrase,1.0,0.0,
AI,Originality,,paraphrase,1.0,0.0,
AI,Originality,,paraphrase,1.0,0.0,
AI,Originality,,paraphrase,0.9997,0.0002999999999999,
AI,Originality,,paraphrase,1.0,0.0,
AI,Originality,,paraphrase,0.9948,0.0051999999999999,
AI,Originality,,paraphrase,0.9983,0.0017,
AI,Originality,,paraphrase,0.9998,0.0001999999999999,
AI,Originality,,paraphrase,1.0,0.0,
AI,Originality,,paraphrase,0.9887,0.0112999999999999,
AI,Originality,,paraphrase,0.9999,9.9999999999989e-05,
AI,Originality,,paraphrase,1.0,0.0,
AI,Originality,,paraphrase,0.9954,0.0046,
AI,Originality,,paraphrase,1.0,0.0,
AI,Originality,,paraphrase,0.9971,0.0029,
AI,Originality,,paraphrase,1.0,0.0,
AI,Originality,,paraphrase,0.9474,0.0525999999999999,
AI,Originality,,paraphrase,0.8521,0.1479,
AI,Originality,,paraphrase,0.9999,9.9999999999989e-05,
AI,Originality,,paraphrase,1.0,0.0,
AI,Originality,,paraphrase,0.9998,0.0001999999999999,
AI,Originality,,paraphrase,0.9289,0.0711,
AI,Originality,,paraphrase,1.0,0.0,
AI,Originality,,paraphrase,0.9992,0.0008,
AI,Originality,,paraphrase,1.0,0.0,
AI,Originality,,paraphrase,1.0,0.0,
AI,Originality,,paraphrase,1.0,0.0,
AI,Originality,,paraphrase,0.9964,0.0036,
AI,Originality,,paraphrase,0.9991,0.0009,
AI,Originality,,paraphrase,0.9999,9.9999999999989e-05,
AI,Originality,,paraphrase,0.9992,0.0008,
AI,Originality,,paraphrase,1.0,0.0,
AI,Originality,,paraphrase,1.0,0.0,
AI,Originality,,paraphrase,0.9999,9.9999999999989e-05,
AI,Originality,,paraphrase,1.0,0.0,
AI,Originality,,paraphrase,0.9998,0.0001999999999999,
AI,Originality,,paraphrase,1.0,0.0,
AI,Originality,,paraphrase,1.0,0.0,
AI,Originality,,paraphrase,0.9893,0.0107,
AI,Originality,,paraphrase,0.9989,0.0010999999999999,
AI,Originality,,paraphrase,1.0,0.0,
AI,Originality,,paraphrase,1.0,0.0,
AI,Originality,,paraphrase,0.9998,0.0001999999999999,
AI,Originality,,paraphrase,1.0,0.0,
AI,Originality,,paraphrase,0.9996,0.0003999999999999,
AI,Originality,,paraphrase,0.9999,9.9999999999989e-05,
AI,Originality,,paraphrase,0.9996,0.0003999999999999,
AI,Originality,,paraphrase,1.0,0.0,
AI,Originality,,paraphrase,0.9997,0.0002999999999999,
AI,Originality,,paraphrase,0.9993,0.0007,
AI,Originality,,paraphrase,1.0,0.0,
AI,Originality,,paraphrase,0.8163,0.1836999999999999,
AI,Originality,,paraphrase,1.0,0.0,
AI,Originality,,paraphrase,1.0,0.0,
AI,Originality,,paraphrase,0.9995,0.0004999999999999,
AI,Originality,,paraphrase,0.9995,0.0004999999999999,
AI,Originality,,paraphrase,1.0,0.0,
AI,Originality,,paraphrase,0.0457,0.9543,
AI,Originality,,paraphrase,0.991,0.009,
AI,Originality,,paraphrase,1.0,0.0,
AI,Originality,,paraphrase,1.0,0.0,
AI,Originality,,paraphrase,0.9227,0.0773,
AI,Originality,,paraphrase,0.9995,0.0004999999999999,
AI,Originality,,paraphrase,1.0,0.0,
AI,Originality,,paraphrase,0.9701,0.0299,
AI,Originality,,paraphrase,1.0,0.0,
AI,Originality,,paraphrase,0.9996,0.0003999999999999,
AI,Originality,,paraphrase,1.0,0.0,
AI,Originality,,paraphrase,0.9911,0.0089,
AI,Originality,,paraphrase,1.0,0.0,
AI,Originality,,paraphrase,1.0,0.0,
AI,Originality,,paraphrase,0.9996,0.0003999999999999,
AI,Originality,,paraphrase,0.0026,0.9974,
AI,Originality,,paraphrase,0.9814,0.0185999999999999,
Human,Originality,,human,0.0267,0.9733,
Human,Originality,,human,0.0013,0.9987,
Human,Originality,,human,0.0043,0.9957,
Human,Originality,,human,0.0004,0.9996,
Human,Originality,,human,0.0003,0.9997,
Human,Originality,,human,0.0015,0.9985,
Human,Originality,,human,0.024,0.976,
Human,Originality,,human,0.0004,0.9996,
Human,Originality,,human,0.0047,0.9953,
Human,Originality,,human,0.0176,0.9824,
Human,Originality,,human,0.0006,0.9994,
Human,Originality,,human,0.0064,0.9936,
Human,Originality,,human,0.0003,0.9997,
Human,Originality,,human,0.0168,0.9832,
Human,Originality,,human,0.0084,0.9916,
Human,Originality,,human,0.0023,0.9977,
Human,Originality,,human,0.0101,0.9899,
Human,Originality,,human,0.0165,0.9835,
Human,Originality,,human,0.9622,0.0377999999999999,
Human,Originality,,human,0.001,0.999,
Human,Originality,,human,0.0152,0.9848,
Human,Originality,,human,0.9893,0.0107,
Human,Originality,,human,0.0003,0.9997,
Human,Originality,,human,0.0017,0.9983,
Human,Originality,,human,0.0002,0.9998,
Human,Originality,,human,0.0014,0.9986,
Human,Originality,,human,0.0001,0.9999,
Human,Originality,,human,0.0002,0.9998,
Human,Originality,,human,0.0328,0.9672,
Human,Originality,,human,0.0024,0.9976,
Human,Originality,,human,0.0016,0.9984,
Human,Originality,,human,0.001,0.999,
Human,Originality,,human,0.0006,0.9994,
Human,Originality,,human,0.0028,0.9972,
Human,Originality,,human,0.0009,0.9991,
Human,Originality,,human,0.0258,0.9742,
Human,Originality,,human,0.0472,0.9528,
Human,Originality,,human,0.0001,0.9999,
Human,Originality,,human,0.0001,0.9999,
Human,Originality,,human,0.0007,0.9993,
Human,Originality,,human,0.9741,0.0259,
Human,Originality,,human,0.0064,0.9936,
Human,Originality,,human,0.0286,0.9714,
Human,Originality,,human,0.0008,0.9992,
Human,Originality,,human,0.0143,0.9857,
Human,Originality,,human,0.0014,0.9986,
Human,Originality,,human,0.001,0.999,
Human,Originality,,human,0.0058,0.9942,
Human,Originality,,human,0.0251,0.9749,
Human,Originality,,human,0.0003,0.9997,
Human,Originality,,human,0.0004,0.9996,
Human,Originality,,human,0.9878,0.0121999999999999,
Human,Originality,,human,0.002,0.998,
Human,Originality,,human,0.007,0.993,
Human,Originality,,human,0.0154,0.9846,
Human,Originality,,human,0.7597,0.2402999999999999,
Human,Originality,,human,0.0216,0.9784,
Human,Originality,,human,0.0005,0.9995,
Human,Originality,,human,0.0007,0.9993,
Human,Originality,,human,0.0075,0.9925,
Human,Originality,,human,0.0006,0.9994,
Human,Originality,,human,0.0008,0.9992,
Human,Originality,,human,0.0008,0.9992,
Human,Originality,,human,0.0014,0.9986,
Human,Originality,,human,0.0164,0.9836,
Human,Originality,,human,0.0005,0.9995,
Human,Originality,,human,0.0005,0.9995,
Human,Originality,,human,0.1156,0.8844,
Human,Originality,,human,0.0002,0.9998,
Human,Originality,,human,0.0008,0.9992,
Human,Originality,,human,0.0012,0.9988,
Human,Originality,,human,0.0067,0.9933,
Human,Originality,,human,0.0004,0.9996,
Human,Originality,,human,0.0032,0.9968,
Human,Originality,,human,0.0009,0.9991,
Human,Originality,,human,0.0014,0.9986,
Human,Originality,,human,0.0005,0.9995,
Human,Originality,,human,0.0096,0.9904,
Human,Originality,,human,0.0218,0.9782,
Human,Originality,,human,0.0114,0.9886,
Human,Originality,,human,0.0002,0.9998,
Human,Originality,,human,0.0011,0.9989,
Human,Originality,,human,0.0006,0.9994,
Human,Originality,,human,0.0008,0.9992,
Human,Originality,,human,0.0011,0.9989,
Human,Originality,,human,0.0068,0.9932,
Human,Originality,,human,0.0006,0.9994,
Human,Originality,,human,0.0018,0.9982,
Human,Originality,,human,0.0016,0.9984,
Human,Originality,,human,0.0008,0.9992,
Human,Originality,,human,0.0009,0.9991,
Human,Originality,,human,0.052,0.948,
Human,Originality,,human,0.0111,0.9889,
Human,Originality,,human,0.0017,0.9983,
Human,Originality,,human,0.0005,0.9995,
Human,Originality,,human,0.0023,0.9977,
Human,Originality,,human,0.0006,0.9994,
Human,Originality,,human,0.0238,0.9762,
Human,Originality,,human,0.0002,0.9998,
Human,Originality,,human,0.0006,0.9994,
Human,Originality,,human,0.0135,0.9865,
Human,Originality,,human,0.0014,0.9986,
Human,Originality,,human,0.0001,0.9999,
Human,Originality,,human,0.0011,0.9989,
Human,Originality,,human,0.0371,0.9629,
Human,Originality,,human,0.0006,0.9994,
Human,Originality,,human,0.0171,0.9829,
Human,Originality,,human,0.0336,0.9664,
Human,Originality,,human,0.0002,0.9998,
Human,Originality,,human,0.0052,0.9948,
Human,Originality,,human,0.0006,0.9994,
Human,Originality,,human,0.0179,0.9821,
Human,Originality,,human,0.001,0.999,
Human,Originality,,human,0.0036,0.9964,
Human,Originality,,human,0.0219,0.9781,
Human,Originality,,human,0.0011,0.9989,
Human,Originality,,human,0.0003,0.9997,
Human,Originality,,human,0.0004,0.9996,
Human,Originality,,human,0.1085,0.8915,
Human,Originality,,human,0.044,0.956,
Human,Originality,,human,0.0157,0.9843,
Human,Originality,,human,0.0096,0.9904,
Human,Originality,,human,0.0335,0.9665,
Human,Originality,,human,0.0019,0.9981,
Human,Originality,,human,0.0005,0.9995,
Human,Originality,,human,0.0138,0.9862,
Human,Originality,,human,0.0003,0.9997,
Human,Originality,,human,0.0013,0.9987,
Human,Originality,,human,0.0006,0.9994,
Human,Originality,,human,0.0013,0.9987,
Human,Originality,,human,0.0189,0.9811,
Human,Originality,,human,0.0018,0.9982,
Human,Originality,,human,0.0002,0.9998,
Human,Originality,,human,0.0013,0.9987,
Human,Originality,,human,0.0174,0.9826,
Human,Originality,,human,0.0037,0.9963,
Human,Originality,,human,0.0187,0.9813,
Human,Originality,,human,0.0032,0.9968,
Human,Originality,,human,0.0037,0.9963,
Human,Originality,,human,0.0017,0.9983,
Human,Originality,,human,0.0003,0.9997,
Human,Originality,,human,0.0015,0.9985,
Human,Originality,,human,0.4106,0.5893999999999999,
Human,Originality,,human,0.0021,0.9979,
Human,Originality,,human,0.0033,0.9967,
Human,Originality,,human,0.0727,0.9273,
Human,Originality,,human,0.0002,0.9998,
Human,Originality,,human,0.0006,0.9994,
Human,Originality,,human,0.0017,0.9983,
Human,Originality,,human,0.0223,0.9777,
Human,Originality,,human,0.01,0.99,
Human,Originality,,human,0.0007,0.9993,
Human,Originality,,human,0.0309,0.9691,
Human,Originality,,human,0.0008,0.9992,
Human,Originality,,human,0.015,0.985,
Human,Originality,,human,0.0003,0.9997,
Human,Originality,,human,0.0003,0.9997,
Human,Originality,,human,0.0018,0.9982,
Human,Originality,,human,0.0095,0.9905,
Human,Originality,,human,0.0008,0.9992,
Human,Originality,,human,0.0015,0.9985,
Human,Originality,,human,0.0007,0.9993,
Human,Originality,,human,0.0112,0.9888,
Human,Originality,,human,0.0002,0.9998,
Human,Originality,,human,0.029,0.971,
Human,Originality,,human,0.0582,0.9418,
Human,Originality,,human,0.0012,0.9988,
Human,Originality,,human,0.0018,0.9982,
Human,Originality,,human,0.0376,0.9624,
Human,Originality,,human,0.0003,0.9997,
Human,Originality,,human,0.0511,0.9489,
Human,Originality,,human,0.0003,0.9997,
Human,Originality,,human,0.0012,0.9988,
Human,Originality,,human,0.0097,0.9903,
Human,Originality,,human,0.0005,0.9995,
Human,Originality,,human,0.0023,0.9977,
Human,Originality,,human,0.0004,0.9996,
Human,Originality,,human,0.0005,0.9995,
Human,Originality,,human,0.0022,0.9978,
Human,Originality,,human,0.3004,0.6996,
Human,Originality,,human,0.0005,0.9995,
Human,Originality,,human,0.0007,0.9993,
Human,Originality,,human,0.001,0.999,
Human,Originality,,human,0.9982,0.0018,
Human,Originality,,human,0.0084,0.9916,
Human,Originality,,human,0.0002,0.9998,
Human,Originality,,human,0.0003,0.9997,
Human,Originality,,human,0.0009,0.9991,
Human,Originality,,human,0.001,0.999,
Human,Originality,,human,0.0006,0.9994,
Human,Originality,,human,0.0226,0.9774,
Human,Originality,,human,0.0394,0.9606,
Human,Originality,,human,0.0006,0.9994,
Human,Originality,,human,0.0267,0.9733,
Human,Originality,,human,0.001,0.999,
Human,Originality,,human,0.0004,0.9996,
Human,Originality,,human,0.0003,0.9997,
Human,Originality,,human,0.0233,0.9767,
Human,Originality,,human,0.0008,0.9992,
Human,Originality,,human,0.0066,0.9934,
Human,Originality,,human,0.0044,0.9956,
Human,Originality,,human,0.0169,0.9831,
Human,Originality,,human,0.0908,0.9092,
Human,Originality,,human,0.0004,0.9996,
Human,Originality,,human,0.0008,0.9992,
Human,Originality,,human,0.0075,0.9925,
Human,Originality,,human,0.0494,0.9506,
Human,Originality,,human,0.0049,0.9951,
Human,Originality,,human,0.0004,0.9996,
Human,Originality,,human,0.0374,0.9626,
Human,Originality,,human,0.0245,0.9755,
Human,Originality,,human,0.0012,0.9988,
Human,Originality,,human,0.0004,0.9996,
Human,Originality,,human,0.0181,0.9819,
Human,Originality,,human,0.0003,0.9997,
Human,Originality,,human,0.0228,0.9772,
Human,Originality,,human,0.0136,0.9864,
Human,Originality,,human,0.0001,0.9999,
Human,Originality,,human,0.0005,0.9995,
Human,Originality,,human,0.0013,0.9987,
Human,Originality,,human,0.0008,0.9992,
Human,Originality,,human,0.0002,0.9998,
Human,Originality,,human,0.0006,0.9994,
Human,Originality,,human,0.0003,0.9997,
Human,Originality,,human,0.0002,0.9998,
Human,Originality,,human,0.003,0.997,
Human,Originality,,human,0.002,0.998,
Human,Originality,,human,0.0065,0.9935,
Human,Originality,,human,0.0003,0.9997,
Human,Originality,,human,0.6446,0.3554,
Human,Originality,,human,0.0002,0.9998,
Human,Originality,,human,0.0005,0.9995,
Human,Originality,,human,0.0177,0.9823,
Human,Originality,,human,0.8447,0.1553,
Human,Originality,,human,0.0235,0.9765,
Human,Originality,,human,0.002,0.998,
Human,Originality,,human,0.0003,0.9997,
Human,Originality,,human,0.0002,0.9998,
Human,Originality,,human,0.0251,0.9749,
Human,Originality,,human,0.2169,0.7831,
Human,Originality,,human,0.001,0.999,
Human,Originality,,human,0.0002,0.9998,
Human,Originality,,human,0.0025,0.9975,
Human,Originality,,human,0.0006,0.9994,
Human,Originality,,human,0.0249,0.9751,
Human,Originality,,human,0.0411,0.9589,
Human,Originality,,human,0.0045,0.9955,
Human,Originality,,human,0.0002,0.9998,
Human,Originality,,human,0.0043,0.9957,
Human,Originality,,human,0.0174,0.9826,
Human,Originality,,human,0.0733,0.9267,
Human,Originality,,human,0.0169,0.9831,
Human,Originality,,human,0.0162,0.9838,
Human,Originality,,human,0.003,0.997,
Human,Originality,,human,0.0505,0.9495,
Human,Originality,,human,0.0013,0.9987,
Human,Originality,,human,0.0001,0.9999,
Human,Originality,,human,0.0007,0.9993,
Human,Originality,,human,0.0008,0.9992,
Human,Originality,,human,0.216,0.784,
Human,Originality,,human,0.0002,0.9998,
Human,Originality,,human,0.0256,0.9744,
Human,Originality,,human,0.0309,0.9691,
Human,Originality,,human,0.0066,0.9934,
Human,Originality,,human,0.0007,0.9993,
Human,Originality,,human,0.026,0.974,
Human,Originality,,human,0.0045,0.9955,
Human,Originality,,human,0.0013,0.9987,
Human,Originality,,human,0.0222,0.9778,
Human,Originality,,human,0.0015,0.9985,
Human,Originality,,human,0.9502,0.0497999999999999,
Human,Originality,,human,0.0004,0.9996,
Human,Originality,,human,0.0003,0.9997,
Human,Originality,,human,0.0066,0.9934,
Human,Originality,,human,0.3128,0.6872,
Human,Originality,,human,0.0012,0.9988,
Human,Originality,,human,0.043,0.957,
Human,Originality,,human,0.0008,0.9992,
Human,Originality,,human,0.0009,0.9991,
Human,Originality,,human,0.0333,0.9667,
Human,Originality,,human,0.0019,0.9981,
Human,Originality,,human,0.0117,0.9883,
Human,Originality,,human,0.0007,0.9993,
Human,Originality,,human,0.0002,0.9998,
Human,Originality,,human,0.0008,0.9992,
Human,Originality,,human,0.0003,0.9997,
Human,Originality,,human,0.0005,0.9995,
Human,Originality,,human,0.0018,0.9982,
Human,Originality,,human,0.0001,0.9999,
Human,Originality,,human,0.0167,0.9833,
Human,Originality,,human,0.0002,0.9998,
Human,Originality,,human,0.0006,0.9994,
Human,Originality,,human,0.004,0.996,
Human,Originality,,human,0.0013,0.9987,
Human,Originality,,human,0.0007,0.9993,
Human,Originality,,human,0.0003,0.9997,
Human,Originality,,human,0.0064,0.9936,
Human,Originality,,human,0.0004,0.9996,
Human,Originality,,human,0.029,0.971,
Human,Originality,,human,0.1801,0.8199,
Human,Originality,,human,0.0008,0.9992,
Human,Originality,,human,0.0076,0.9924,
Human,Originality,,human,0.0118,0.9882,
Human,Originality,,human,0.0577,0.9423,
Human,Originality,,human,0.0005,0.9995,
Human,Originality,,human,0.0309,0.9691,
Human,Originality,,human,0.0036,0.9964,
Human,Originality,,human,0.0021,0.9979,
Human,Originality,,human,0.0225,0.9775,
Human,Originality,,human,0.0164,0.9836,
Human,Originality,,human,0.0007,0.9993,
Human,Originality,,human,0.7841,0.2158999999999999,
Human,Originality,,human,0.0101,0.9899,
Human,Originality,,human,0.0002,0.9998,
Human,Originality,,human,0.4822,0.5178,
Human,Originality,,human,0.0233,0.9767,
Human,Originality,,human,0.0173,0.9827,
Human,Originality,,human,0.0001,0.9999,
Human,Originality,,human,0.009,0.991,
Human,Originality,,human,0.0129,0.9871,
Human,Originality,,human,0.001,0.999,
Human,Originality,,human,0.0002,0.9998,
Human,Originality,,human,0.0328,0.9672,
Human,Originality,,human,0.1859,0.8141,
Human,Originality,,human,0.0012,0.9988,
Human,Originality,,human,0.0003,0.9997,
Human,Originality,,human,0.0004,0.9996,
Human,Originality,,human,0.9991,0.0009,
Human,Originality,,human,0.0007,0.9993,
Human,Originality,,human,0.0003,0.9997,
Human,Originality,,human,0.0005,0.9995,
Human,Originality,,human,0.0115,0.9885,
Human,Originality,,human,0.0003,0.9997,
Human,Originality,,human,0.0012,0.9988,
Human,Originality,,human,0.013,0.987,
Human,Originality,,human,0.1375,0.8625,
Human,Originality,,human,0.0003,0.9997,
Human,Originality,,human,0.0001,0.9999,
Human,Originality,,human,0.0341,0.9659,
Human,Originality,,human,0.0011,0.9989,
Human,Originality,,human,0.0013,0.9987,
Human,Originality,,human,0.0185,0.9815,
Human,Originality,,human,0.0143,0.9857,
Human,Originality,,human,0.0363,0.9637,
Human,Originality,,human,0.0051,0.9949,
Human,Originality,,human,0.0033,0.9967,
Human,Originality,,human,0.0006,0.9994,
Human,Originality,,human,0.0003,0.9997,
Human,Originality,,human,0.1103,0.8897,
Human,Originality,,human,0.0035,0.9965,
Human,Originality,,human,0.0095,0.9905,
Human,Originality,,human,0.0116,0.9884,
Human,Originality,,human,0.001,0.999,
Human,Originality,,human,0.9508,0.0492,
Human,Originality,,human,0.2224,0.7776000000000001,
Human,Originality,,human,0.0004,0.9996,
Human,Originality,,human,0.0012,0.9988,
Human,Originality,,human,0.0027,0.9973,
Human,Originality,,human,0.0504,0.9496,
Human,Originality,,human,0.0003,0.9997,
Human,Originality,,human,0.0007,0.9993,
Human,Originality,,human,0.0038,0.9962,
Human,Originality,,human,0.0153,0.9847,
Human,Originality,,human,0.0004,0.9996,
Human,Originality,,human,0.0016,0.9984,
Human,Originality,,human,0.0881,0.9119,
Human,Originality,,human,0.0001,0.9999,
Human,Originality,,human,0.0084,0.9916,
Human,Originality,,human,0.0007,0.9993,
Human,Originality,,human,0.0188,0.9812,
Human,Originality,,human,0.042,0.958,
Human,Originality,,human,0.0004,0.9996,
Human,Originality,,human,0.0004,0.9996,
Human,Originality,,human,0.0011,0.9989,
Human,Originality,,human,0.0036,0.9964,
Human,Originality,,human,0.0002,0.9998,
Human,Originality,,human,0.0003,0.9997,
Human,Originality,,human,0.003,0.997,
Human,Originality,,human,0.9861,0.0139,
Human,Originality,,human,0.0266,0.9734,
Human,Originality,,human,0.028,0.972,
Human,Originality,,human,0.0105,0.9895,
Human,Originality,,human,0.2221,0.7779,
Human,Originality,,human,0.0012,0.9988,
Human,Originality,,human,0.0004,0.9996,
Human,Originality,,human,0.0125,0.9875,
Human,Originality,,human,0.0056,0.9944,
Human,Originality,,human,0.0011,0.9989,
Human,Originality,,human,0.0272,0.9728,
Human,Originality,,human,0.0004,0.9996,
Human,Originality,,human,0.0022,0.9978,
Human,Originality,,human,0.0083,0.9917,
Human,Originality,,human,0.0002,0.9998,
Human,Originality,,human,0.0479,0.9521,
Human,Originality,,human,0.0008,0.9992,
Human,Originality,,human,0.0458,0.9542,
Human,Originality,,human,0.0008,0.9992,
Human,Originality,,human,0.005,0.995,
Human,Originality,,human,0.0002,0.9998,
Human,Originality,,human,0.0705,0.9295,
Human,Originality,,human,0.2812,0.7188,
Human,Originality,,human,0.0007,0.9993,
Human,Originality,,human,0.0007,0.9993,
Human,Originality,,human,0.0002,0.9998,
Human,Originality,,human,0.0104,0.9896,
Human,Originality,,human,0.0136,0.9864,
Human,Originality,,human,0.0083,0.9917,
Human,Originality,,human,0.0006,0.9994,
Human,Originality,,human,0.0085,0.9915,
Human,Originality,,human,0.0011,0.9989,
Human,Originality,,human,0.0118,0.9882,
Human,Originality,,human,0.035,0.965,
Human,Originality,,human,0.0003,0.9997,
Human,Originality,,human,0.004,0.996,
Human,Originality,,human,0.0008,0.9992,
Human,Originality,,human,0.0003,0.9997,
Human,Originality,,human,0.0017,0.9983,
Human,Originality,,human,0.002,0.998,
Human,Originality,,human,0.0023,0.9977,
Human,Originality,,human,0.003,0.997,
Human,Originality,,human,0.0107,0.9893,
Human,Originality,,human,0.0047,0.9953,
Human,Originality,,human,0.0007,0.9993,
Human,Originality,,human,0.0145,0.9855,
Human,Originality,,human,0.0161,0.9839,
Human,Originality,,human,0.9997,0.0002999999999999,
Human,Originality,,human,0.0043,0.9957,
Human,Originality,,human,0.0217,0.9783,
Human,Originality,,human,0.0371,0.9629,
Human,Originality,,human,0.0087,0.9913,
Human,Originality,,human,0.0004,0.9996,
Human,Originality,,human,0.0001,0.9999,
Human,Originality,,human,0.1121,0.8879,
Human,Originality,,human,0.0058,0.9942,
Human,Originality,,human,0.0086,0.9914,
Human,Originality,,human,0.0031,0.9969,
Human,Originality,,human,0.0082,0.9918,
Human,Originality,,human,0.0004,0.9996,
Human,Originality,,human,0.0004,0.9996,
Human,Originality,,human,0.0003,0.9997,
Human,Originality,,human,0.0305,0.9695,
Human,Originality,,human,0.0006,0.9994,
Human,Originality,,human,0.0002,0.9998,
Human,Originality,,human,0.0056,0.9944,
Human,Originality,,human,0.0005,0.9995,
Human,Originality,,human,0.0012,0.9988,
Human,Originality,,human,0.0008,0.9992,
Human,Originality,,human,0.0004,0.9996,
Human,Originality,,human,0.0139,0.9861,
Human,Originality,,human,0.0009,0.9991,
Human,Originality,,human,0.0007,0.9993,
Human,Originality,,human,0.0003,0.9997,
Human,Originality,,human,0.0002,0.9998,
Human,Originality,,human,0.0011,0.9989,
Human,Originality,,human,0.0265,0.9735,
Human,Originality,,human,0.0007,0.9993,
Human,Originality,,human,0.0009,0.9991,
Human,Originality,,human,0.0004,0.9996,
Human,Originality,,human,0.0199,0.9801,
Human,Originality,,human,0.0018,0.9982,
Human,Originality,,human,0.0005,0.9995,
Human,Originality,,human,0.0006,0.9994,
Human,Originality,,human,0.0157,0.9843,
Human,Originality,,human,0.0087,0.9913,
Human,Originality,,human,0.0009,0.9991,
Human,Originality,,human,0.0006,0.9994,
Human,Originality,,human,0.0004,0.9996,
Human,Originality,,human,0.0178,0.9822,
Human,Originality,,human,0.099,0.901,
Human,Originality,,human,0.0009,0.9991,
Human,Originality,,human,0.0003,0.9997,
Human,Originality,,human,0.0005,0.9995,
Human,Originality,,human,0.0286,0.9714,
Human,Originality,,human,0.0009,0.9991,
Human,Originality,,human,0.0053,0.9947,
Human,Originality,,human,0.0005,0.9995,
Human,Originality,,human,0.0012,0.9988,
Human,Originality,,human,0.0008,0.9992,
Human,Originality,,human,0.0402,0.9598,
Human,Originality,,human,0.0013,0.9987,
Human,Originality,,human,0.0012,0.9988,
Human,Originality,,human,0.0026,0.9974,
Human,Originality,,human,0.0065,0.9935,
Human,Originality,,human,0.0674,0.9326,
Human,Originality,,human,0.0002,0.9998,
Human,Originality,,human,0.003,0.997,
Human,Originality,,human,0.0127,0.9873,
Human,Originality,,human,0.0143,0.9857,
Human,Originality,,human,0.0012,0.9988,
Human,Originality,,human,0.0005,0.9995,
Human,Originality,,human,0.0034,0.9966,
Human,Originality,,human,0.0004,0.9996,
Human,Originality,,human,0.0008,0.9992,
Human,Originality,,human,0.0123,0.9877,
Human,Originality,,human,0.0012,0.9988,
Human,Originality,,human,0.0002,0.9998,
Human,Originality,,human,0.0706,0.9294,
Human,Originality,,human,0.011,0.989,
Human,Originality,,human,0.0011,0.9989,
Human,Originality,,human,0.0185,0.9815,
Human,Originality,,human,0.0003,0.9997,
Human,Originality,,human,0.0012,0.9988,
Human,Originality,,human,0.0162,0.9838,
Human,Originality,,human,0.0007,0.9993,
Human,Originality,,human,0.0012,0.9988,
Human,Originality,,human,0.0008,0.9992,
Human,Originality,,human,0.0006,0.9994,
Human,Originality,,human,0.0103,0.9897,
Human,Originality,,human,0.0179,0.9821,
Human,Originality,,human,0.0219,0.9781,
Human,Originality,,human,0.0277,0.9723,
Human,Originality,,human,0.001,0.999,
Human,Originality,,human,0.0012,0.9988,
Human,Originality,,human,0.0042,0.9958,
Human,Originality,,human,0.0007,0.9993,
Human,Originality,,human,0.0183,0.9817,
Human,Originality,,human,0.0174,0.9826,
Human,Originality,,human,0.0373,0.9627,
Human,Originality,,human,0.0001,0.9999,
Human,Originality,,human,0.0192,0.9808,
Human,Originality,,human,0.0003,0.9997,
Human,Originality,,human,0.0011,0.9989,
Human,Originality,,human,0.0038,0.9962,
Human,Originality,,human,0.0022,0.9978,
Human,Originality,,human,0.0016,0.9984,
Human,Originality,,human,0.7191,0.2809,
Human,Originality,,human,0.0049,0.9951,
Human,Originality,,human,0.0004,0.9996,
Human,Originality,,human,0.0257,0.9743,
Human,Originality,,human,0.0032,0.9968,
Human,Originality,,human,0.0524,0.9476,
Human,Originality,,human,0.0007,0.9993,
Human,Originality,,human,0.0002,0.9998,
Human,Originality,,human,0.0071,0.9929,
Human,Originality,,human,0.0058,0.9942,
Human,Originality,,human,0.0012,0.9988,
Human,Originality,,human,0.0293,0.9707,
Human,Originality,,human,0.0497,0.9503,
Human,Originality,,human,0.0006,0.9994,
Human,Originality,,human,0.0128,0.9872,
Human,Originality,,human,0.0072,0.9928,
Human,Originality,,human,0.3671,0.6329,
Human,Originality,,human,0.0007,0.9993,
Human,Originality,,human,0.0003,0.9997,
Human,Originality,,human,0.0002,0.9998,
Human,Originality,,human,0.0361,0.9639,
Human,Originality,,human,0.8333,0.1666999999999999,
Human,Originality,,human,0.0005,0.9995,
Human,Originality,,human,0.0002,0.9998,
Human,Originality,,human,0.0009,0.9991,
Human,Originality,,human,0.2161,0.7839,
Human,Originality,,human,0.0109,0.9891,
Human,Originality,,human,0.0005,0.9995,
Human,Originality,,human,0.0102,0.9898,
Human,Originality,,human,0.0002,0.9998,
Human,Originality,,human,0.0514,0.9486,
Human,Originality,,human,0.0004,0.9996,
Human,Originality,,human,0.0017,0.9983,
Human,Originality,,human,0.0336,0.9664,
Human,Originality,,human,0.0154,0.9846,
Human,Originality,,human,0.176,0.8240000000000001,
Human,Originality,,human,0.0343,0.9657,
Human,Originality,,human,0.0206,0.9794,
Human,Originality,,human,0.0012,0.9988,
Human,Originality,,human,0.0023,0.9977,
Human,Originality,,human,0.0026,0.9974,
Human,Originality,,human,0.0021,0.9979,
Human,Originality,,human,0.0008,0.9992,
Human,Originality,,human,0.0025,0.9975,
Human,Originality,,human,0.0005,0.9995,
Human,Originality,,human,0.0015,0.9985,
Human,Originality,,human,0.0273,0.9727,
Human,Originality,,human,0.0202,0.9798,
Human,Originality,,human,0.0011,0.9989,
Human,Originality,,human,0.2511,0.7489,
Human,Originality,,human,0.0008,0.9992,
Human,Originality,,human,0.0064,0.9936,
Human,Originality,,human,0.6977,0.3023,
Human,Originality,,human,0.7334,0.2665999999999999,
Human,Originality,,human,0.1191,0.8809,
Human,Originality,,human,0.0011,0.9989,
Human,Originality,,human,0.0185,0.9815,
Human,Originality,,human,0.0066,0.9934,
Human,Originality,,human,0.0123,0.9877,
Human,Originality,,human,0.0002,0.9998,
Human,Originality,,human,0.1387,0.8613,
Human,Originality,,human,0.0285,0.9715,
Human,Originality,,human,0.002,0.998,
Human,Originality,,human,0.0013,0.9987,
Human,Originality,,human,0.0045,0.9955,
Human,Originality,,human,0.0009,0.9991,
Human,Originality,,human,0.0105,0.9895,
Human,Originality,,human,0.001,0.999,
Human,Originality,,human,0.0003,0.9997,
Human,Originality,,human,0.0006,0.9994,
Human,Originality,,human,0.0012,0.9988,
Human,Originality,,human,0.0004,0.9996,
Human,Originality,,human,0.0017,0.9983,
Human,Originality,,human,0.9376,0.0624,
Human,Originality,,human,0.0006,0.9994,
Human,Originality,,human,0.0006,0.9994,
Human,Originality,,human,0.0094,0.9906,
Human,Originality,,human,0.9989,0.0010999999999999,
Human,Originality,,human,0.0108,0.9892,
Human,Originality,,human,0.1034,0.8966,
Human,Originality,,human,0.0005,0.9995,
Human,Originality,,human,0.0008,0.9992,
Human,Originality,,human,0.0033,0.9967,
Human,Originality,,human,0.0002,0.9998,
Human,Originality,,human,0.0215,0.9785,
Human,Originality,,human,0.9948,0.0051999999999999,
Human,Originality,,human,0.0021,0.9979,
Human,Originality,,human,0.0047,0.9953,
Human,Originality,,human,0.9071,0.0928999999999999,
Human,Originality,,human,0.0005,0.9995,
Human,Originality,,human,0.0007,0.9993,
Human,Originality,,human,0.2081,0.7919,
Human,Originality,,human,0.041,0.959,
Human,Originality,,human,0.0048,0.9952,
Human,Originality,,human,0.0005,0.9995,
Human,Originality,,human,0.0003,0.9997,
Human,Originality,,human,0.001,0.999,
Human,Originality,,human,0.0002,0.9998,
Human,Originality,,human,0.0002,0.9998,
Human,Originality,,human,0.0012,0.9988,
Human,Originality,,human,0.4628,0.5372,
Human,Originality,,human,0.0023,0.9977,
Human,Originality,,human,0.0029,0.9971,
Human,Originality,,human,0.0363,0.9637,
Human,Originality,,human,0.0004,0.9996,
Human,Originality,,human,0.0005,0.9995,
Human,Originality,,human,0.0063,0.9937,
Human,Originality,,human,0.0003,0.9997,
Human,Originality,,human,0.0072,0.9928,
Human,Originality,,human,0.0004,0.9996,
Human,Originality,,human,0.0006,0.9994,
Human,Originality,,human,0.0007,0.9993,
Human,Originality,,human,0.0016,0.9984,
Human,Originality,,human,0.0153,0.9847,
Human,Originality,,human,0.0071,0.9929,
Human,Originality,,human,0.0222,0.9778,
Human,Originality,,human,0.0021,0.9979,
Human,Originality,,human,0.0005,0.9995,
Human,Originality,,human,0.0005,0.9995,
Human,Originality,,human,0.9979,0.0020999999999999,
Human,Originality,,human,0.0003,0.9997,
Human,Originality,,human,0.001,0.999,
Human,Originality,,human,0.0201,0.9799,
Human,Originality,,human,0.0015,0.9985,
Human,Originality,,human,0.0022,0.9978,
Human,Originality,,human,0.1731,0.8269,
Human,Originality,,human,0.0022,0.9978,
Human,Originality,,human,0.4398,0.5602,
Human,Originality,,human,0.0003,0.9997,
Human,Originality,,human,0.0009,0.9991,
Human,Originality,,human,0.0001,0.9999,
Human,Originality,,human,0.0019,0.9981,
Human,Originality,,human,0.9495,0.0504999999999999,
Human,Originality,,human,0.012,0.988,
Human,Originality,,human,0.0004,0.9996,
Human,Originality,,human,0.0043,0.9957,
Human,Originality,,human,0.0125,0.9875,
Human,Originality,,human,0.0028,0.9972,
Human,Originality,,human,0.0004,0.9996,
Human,Originality,,human,0.0006,0.9994,
Human,Originality,,human,0.0048,0.9952,
Human,Originality,,human,0.0004,0.9996,
Human,Originality,,human,0.0009,0.9991,
Human,Originality,,human,0.0027,0.9973,
Human,Originality,,human,0.0947,0.9053,
Human,Originality,,human,0.0007,0.9993,
Human,Originality,,human,0.1597,0.8403,
Human,Originality,,human,0.0046,0.9954,
Human,Originality,,human,0.0022,0.9978,
Human,Originality,,human,0.0012,0.9988,
Human,Originality,,human,0.0007,0.9993,
Human,Originality,,human,0.0136,0.9864,
Human,Originality,,human,0.6937,0.3063,
Human,Originality,,human,0.0017,0.9983,
Human,Originality,,human,0.0012,0.9988,
Human,Originality,,human,0.0004,0.9996,
Human,Originality,,human,0.0021,0.9979,
Human,Originality,,human,0.0009,0.9991,
Human,Originality,,human,0.0003,0.9997,
Human,Originality,,human,0.0003,0.9997,
Human,Originality,,human,0.0007,0.9993,
Human,Originality,,human,0.1683,0.8317,
Human,Originality,,human,0.2536,0.7464,
Human,Originality,,human,0.0007,0.9993,
Human,Originality,,human,0.005,0.995,
Human,Originality,,human,0.0006,0.9994,
Human,Originality,,human,0.0082,0.9918,
Human,Originality,,human,0.0002,0.9998,
Human,Originality,,human,0.0002,0.9998,
Human,Originality,,human,0.0007,0.9993,
Human,Originality,,human,0.0004,0.9996,
Human,Originality,,human,0.0009,0.9991,
Human,Originality,,human,0.6061,0.3939,
Human,Originality,,human,0.9661,0.0339,
Human,Originality,,human,0.0516,0.9484,
Human,Originality,,human,0.0099,0.9901,
Human,Originality,,human,0.0002,0.9998,
Human,Originality,,human,0.0011,0.9989,
Human,Originality,,human,0.0008,0.9992,
Human,Originality,,human,0.0166,0.9834,
Human,Originality,,human,0.0006,0.9994,
Human,Originality,,human,0.0011,0.9989,
Human,Originality,,human,0.0133,0.9867,
Human,Originality,,human,0.0199,0.9801,
Human,Originality,,human,0.0014,0.9986,
Human,Originality,,human,0.3839,0.6161,
Human,Originality,,human,0.0019,0.9981,
Human,Originality,,human,0.0284,0.9716,
Human,Originality,,human,0.0002,0.9998,
Human,Originality,,human,0.0024,0.9976,
Human,Originality,,human,0.0522,0.9478,
Human,Originality,,human,0.0327,0.9673,
Human,Originality,,human,0.0831,0.9169,
Human,Originality,,human,0.001,0.999,
Human,Originality,,human,0.0016,0.9984,
Human,Originality,,human,0.0171,0.9829,
Human,Originality,,human,0.0016,0.9984,
Human,Originality,,human,0.0007,0.9993,
Human,Originality,,human,0.0003,0.9997,
Human,Originality,,human,0.0014,0.9986,
Human,Originality,,human,0.0058,0.9942,
Human,Originality,,human,0.004,0.996,
Human,Originality,,human,0.0004,0.9996,
Human,Originality,,human,0.0012,0.9988,
Human,Originality,,human,0.0007,0.9993,
Human,Originality,,human,0.001,0.999,
Human,Originality,,human,0.0004,0.9996,
Human,Originality,,human,0.0004,0.9996,
Human,Originality,,human,0.021,0.979,
Human,Originality,,human,0.9779,0.0221,
Human,Originality,,human,0.0006,0.9994,
Human,Originality,,human,0.0041,0.9959,
Human,Originality,,human,0.0006,0.9994,
Human,Originality,,human,0.0006,0.9994,
Human,Originality,,human,0.0007,0.9993,
Human,Originality,,human,0.0003,0.9997,
Human,Originality,,human,0.0006,0.9994,
Human,Originality,,human,0.0265,0.9735,
Human,Originality,,human,0.0003,0.9997,
Human,Originality,,human,0.0024,0.9976,
Human,Originality,,human,0.0006,0.9994,
Human,Originality,,human,0.0019,0.9981,
Human,Originality,,human,0.0007,0.9993,
Human,Originality,,human,0.0003,0.9997,
Human,Originality,,human,0.0195,0.9805,
Human,Originality,,human,0.5194,0.4806,
Human,Originality,,human,0.0054,0.9946,
Human,Originality,,human,0.0026,0.9974,
Human,Originality,,human,0.0004,0.9996,
Human,Originality,,human,0.0008,0.9992,
Human,Originality,,human,0.0009,0.9991,
Human,Originality,,human,0.0248,0.9752,
Human,Originality,,human,0.0151,0.9849,
Human,Originality,,human,0.0075,0.9925,
Human,Originality,,human,0.0001,0.9999,
Human,Originality,,human,0.0005,0.9995,
Human,Originality,,human,0.0002,0.9998,
Human,Originality,,human,0.0017,0.9983,
Human,Originality,,human,0.0009,0.9991,
Human,Originality,,human,0.0002,0.9998,
Human,Originality,,human,0.003,0.997,
Human,Originality,,human,0.0211,0.9789,
Human,Originality,,human,0.002,0.998,
Human,Originality,,human,0.0212,0.9788,
Human,Originality,,human,0.0007,0.9993,
Human,Originality,,human,0.0009,0.9991,
Human,Originality,,human,0.0028,0.9972,
Human,Originality,,human,0.0004,0.9996,
Human,Originality,,human,0.0012,0.9988,
Human,Originality,,human,0.0005,0.9995,
Human,Originality,,human,0.0011,0.9989,
Human,Originality,,human,0.0018,0.9982,
Human,Originality,,human,0.0073,0.9927,
Human,Originality,,human,0.0264,0.9736,
Human,Originality,,human,0.168,0.832,
Human,Originality,,human,0.0444,0.9556,
Human,Originality,,human,0.0005,0.9995,
Human,Originality,,human,0.0003,0.9997,
Human,Originality,,human,0.0046,0.9954,
Human,Originality,,human,0.0002,0.9998,
Human,Originality,,human,0.0018,0.9982,
Human,Originality,,human,0.0268,0.9732,
Human,Originality,,human,0.0024,0.9976,
Human,Originality,,human,0.0047,0.9953,
Human,Originality,,human,0.0004,0.9996,
Human,Originality,,human,0.0003,0.9997,
Human,Originality,,human,0.0008,0.9992,
Human,Originality,,human,0.0001,0.9999,
Human,Originality,,human,0.0986,0.9014,
Human,Originality,,human,0.0082,0.9918,
Human,Originality,,human,0.0145,0.9855,
Human,Originality,,human,0.0098,0.9902,
Human,Originality,,human,0.0112,0.9888,
Human,Originality,,human,0.0359,0.9641,
Human,Originality,,human,0.0175,0.9825,
Human,Originality,,human,0.0351,0.9649,
Human,Originality,,human,0.0014,0.9986,
Human,Originality,,human,0.0004,0.9996,
Human,Originality,,human,0.0003,0.9997,
Human,Originality,,human,0.0041,0.9959,
Human,Originality,,human,0.0004,0.9996,
Human,Originality,,human,0.0252,0.9748,
Human,Originality,,human,0.0008,0.9992,
Human,Originality,,human,0.2772,0.7228,
Human,Originality,,human,0.0014,0.9986,
Human,Originality,,human,0.0262,0.9738,
Human,Originality,,human,0.0004,0.9996,
Human,Originality,,human,0.0006,0.9994,
Human,Originality,,human,0.0005,0.9995,
Human,Originality,,human,0.0005,0.9995,
Human,Originality,,human,0.0085,0.9915,
Human,Originality,,human,0.0006,0.9994,
Human,Originality,,human,0.0232,0.9768,
Human,Originality,,human,0.0004,0.9996,
Human,Originality,,human,0.0065,0.9935,
Human,Originality,,human,0.0013,0.9987,
Human,Originality,,human,0.0004,0.9996,
Human,Originality,,human,0.0294,0.9706,
Human,Originality,,human,0.0009,0.9991,
Human,Originality,,human,0.0063,0.9937,
Human,Originality,,human,0.0004,0.9996,
Human,Originality,,human,0.1172,0.8828,
Human,Originality,,human,0.0006,0.9994,
Human,Originality,,human,0.0004,0.9996,
Human,Originality,,human,0.0021,0.9979,
Human,Originality,,human,0.0019,0.9981,
Human,Originality,,human,0.0006,0.9994,
Human,Originality,,human,0.0243,0.9757,
Human,Originality,,human,0.0002,0.9998,
Human,Originality,,human,0.0061,0.9939,
Human,Originality,,human,0.0167,0.9833,
Human,Originality,,human,0.0088,0.9912,
Human,Originality,,human,0.0282,0.9718,
Human,Originality,,human,0.0396,0.9604,
Human,Originality,,human,0.0124,0.9876,
Human,Originality,,human,0.5366,0.4634,
Human,Originality,,human,0.0017,0.9983,
Human,Originality,,human,0.0002,0.9998,
Human,Originality,,human,0.0008,0.9992,
Human,Originality,,human,0.0007,0.9993,
Human,Originality,,human,0.0002,0.9998,
Human,Originality,,human,0.0082,0.9918,
Human,Originality,,human,0.0544,0.9456,
Human,Originality,,human,0.0005,0.9995,
Human,Originality,,human,0.005,0.995,
Human,Originality,,human,0.0019,0.9981,
Human,Originality,,human,0.0007,0.9993,
Human,Originality,,human,0.01,0.99,
Human,Originality,,human,0.0121,0.9879,
Human,Originality,,human,0.0003,0.9997,
Human,Originality,,human,0.2193,0.7807,
Human,Originality,,human,0.0611,0.9389,
Human,Originality,,human,0.001,0.999,
Human,Originality,,human,0.0037,0.9963,
Human,Originality,,human,0.0233,0.9767,
Human,Originality,,human,0.0008,0.9992,
Human,Originality,,human,0.0035,0.9965,
Human,Originality,,human,0.0441,0.9559,
Human,Originality,,human,0.0002,0.9998,
Human,Originality,,human,0.0014,0.9986,
Human,Originality,,human,0.0871,0.9129,
Human,Originality,,human,0.0058,0.9942,
Human,Originality,,human,0.0316,0.9684,
Human,Originality,,human,0.3661,0.6339,
Human,Originality,,human,0.0002,0.9998,
Human,Originality,,human,0.0012,0.9988,
Human,Originality,,human,0.0724,0.9276,
Human,Originality,,human,0.0116,0.9884,
Human,Originality,,human,0.019,0.981,
Human,Originality,,human,0.0025,0.9975,
Human,Originality,,human,0.0014,0.9986,
Human,Originality,,human,0.0072,0.9928,
Human,Originality,,human,0.0003,0.9997,
Human,Originality,,human,0.0007,0.9993,
Human,Originality,,human,0.0003,0.9997,
Human,Originality,,human,0.0027,0.9973,
Human,Originality,,human,0.0033,0.9967,
Human,Originality,,human,0.0005,0.9995,
Human,Originality,,human,0.0006,0.9994,
Human,Originality,,human,0.0627,0.9373,
Human,Originality,,human,0.0003,0.9997,
Human,Originality,,human,0.0013,0.9987,
Human,Originality,,human,0.0003,0.9997,
Human,Originality,,human,0.0029,0.9971,
Human,Originality,,human,0.0002,0.9998,
Human,Originality,,human,0.0003,0.9997,
Human,Originality,,human,0.0254,0.9746,
Human,Originality,,human,0.006,0.994,
Human,Originality,,human,0.0003,0.9997,
Human,Originality,,human,0.0001,0.9999,
Human,Originality,,human,0.0012,0.9988,
Human,Originality,,human,0.0004,0.9996,
Human,Originality,,human,0.0007,0.9993,
Human,Originality,,human,0.9361,0.0638999999999999,
Human,Originality,,human,0.021,0.979,
Human,Originality,,human,0.0005,0.9995,
Human,Originality,,human,0.0004,0.9996,
Human,Originality,,human,0.0172,0.9828,
Human,Originality,,human,0.0007,0.9993,
Human,Originality,,human,0.0273,0.9727,
Human,Originality,,human,0.0236,0.9764,
Human,Originality,,human,0.0145,0.9855,
Human,Originality,,human,0.0228,0.9772,
Human,Originality,,human,0.0205,0.9795,
Human,Originality,,human,0.0331,0.9669,
Human,Originality,,human,0.0257,0.9743,
Human,Originality,,human,0.0004,0.9996,
Human,Originality,,human,0.0002,0.9998,
Human,Originality,,human,0.0073,0.9927,
Human,Originality,,human,0.005,0.995,
Human,Originality,,human,0.0172,0.9828,
Human,Originality,,human,0.001,0.999,
Human,Originality,,human,0.9986,0.0013999999999999,
Human,Originality,,human,0.0001,0.9999,
Human,Originality,,human,0.0011,0.9989,
Human,Originality,,human,0.0009,0.9991,
Human,Originality,,human,0.0084,0.9916,
Human,Originality,,human,0.0001,0.9999,
Human,Originality,,human,0.0004,0.9996,
Human,Originality,,human,0.0006,0.9994,
Human,Originality,,human,0.0142,0.9858,
Human,Originality,,human,0.0197,0.9803,
Human,Originality,,human,0.0072,0.9928,
Human,Originality,,human,0.0269,0.9731,
Human,Originality,,human,0.0003,0.9997,
Human,Originality,,human,0.0006,0.9994,
Human,Originality,,human,0.001,0.999,
Human,Originality,,human,0.0315,0.9685,
Human,Originality,,human,0.0007,0.9993,
Human,Originality,,human,0.0005,0.9995,
Human,Originality,,human,0.0025,0.9975,
Human,Originality,,human,0.0176,0.9824,
Human,Originality,,human,0.0085,0.9915,
Human,Originality,,human,0.0087,0.9913,
Human,Originality,,human,0.0357,0.9643,
Human,Originality,,human,0.0146,0.9854,
Human,Originality,,human,0.0116,0.9884,
Human,Originality,,human,0.0005,0.9995,
Human,Originality,,human,0.0039,0.9961,
Human,Originality,,human,0.005,0.995,
Human,Originality,,human,0.0209,0.9791,
Human,Originality,,human,0.0006,0.9994,
Human,Originality,,human,0.0004,0.9996,
Human,Originality,,human,0.0044,0.9956,
Human,Originality,,human,0.0011,0.9989,
Human,Originality,,human,0.0153,0.9847,
Human,Originality,,human,0.0163,0.9837,
Human,Originality,,human,0.0002,0.9998,
Human,Originality,,human,0.0005,0.9995,
Human,Originality,,human,0.0003,0.9997,
Human,Originality,,human,0.0003,0.9997,
Human,Originality,,human,0.0175,0.9825,
Human,Originality,,human,0.0128,0.9872,
Human,Originality,,human,0.0002,0.9998,
Human,Originality,,human,0.0068,0.9932,
Human,Originality,,human,0.0036,0.9964,
Human,Originality,,human,0.0007,0.9993,
Human,Originality,,human,0.0008,0.9992,
Human,Originality,,human,0.0081,0.9919,
Human,Originality,,human,0.0353,0.9647,
Human,Originality,,human,0.9999,9.9999999999989e-05,
Human,Originality,,human,0.0018,0.9982,
Human,Originality,,human,0.0107,0.9893,
Human,Originality,,human,0.0019,0.9981,
Human,Originality,,human,0.0097,0.9903,
Human,Originality,,human,0.002,0.998,
Human,Originality,,human,0.0002,0.9998,
Human,Originality,,human,0.002,0.998,
Human,Originality,,human,0.0004,0.9996,
Human,Originality,,human,0.0006,0.9994,
Human,Originality,,human,0.0006,0.9994,
Human,Originality,,human,0.0158,0.9842,
Human,Originality,,human,0.0003,0.9997,
Human,Originality,,human,0.0004,0.9996,
Human,Originality,,human,0.0003,0.9997,
Human,Originality,,human,0.0006,0.9994,
Human,Originality,,human,0.0012,0.9988,
Human,Originality,,human,0.0054,0.9946,
Human,Originality,,human,0.0008,0.9992,
Human,Originality,,human,0.013,0.987,
Human,Originality,,human,0.0148,0.9852,
Human,Originality,,human,0.0003,0.9997,
Human,Originality,,human,0.0043,0.9957,
Human,Originality,,human,0.8977,0.1022999999999999,
Human,Originality,,human,0.0002,0.9998,
Human,Originality,,human,0.0008,0.9992,
Human,Originality,,human,0.2436,0.7564,
Human,Originality,,human,0.0007,0.9993,
Human,Originality,,human,0.9373,0.0626999999999999,
Human,Originality,,human,0.0023,0.9977,
Human,Originality,,human,0.0015,0.9985,
Human,Originality,,human,0.0021,0.9979,
Human,Originality,,human,0.0023,0.9977,
Human,Originality,,human,0.0042,0.9958,
Human,Originality,,human,0.021,0.979,
